RiskPerformance,ExternalRiskEstimate,MSinceOldestTradeOpen,MSinceMostRecentTradeOpen,AverageMInFile,NumSatisfactoryTrades,NumTrades60Ever2DerogPubRec,NumTrades90Ever2DerogPubRec,PercentTradesNeverDelq,MSinceMostRecentDelq,MaxDelq2PublicRecLast12M,MaxDelqEver,NumTotalTrades,NumTradesOpeninLast12M,PercentInstallTrades,MSinceMostRecentInqexcl7days,NumInqLast6M,NumInqLast6Mexcl7days,NetFractionRevolvingBurden,NetFractionInstallBurden,NumRevolvingTradesWBalance,NumInstallTradesWBalance,NumBank2NatlTradesWHighUtilization,PercentTradesWBalance
Bad,71,68.0,4,33,10,0,0,100,125.0,7,7,10,4,50,0.0,0,0,58.0,71.0,5.0,4.0,0.0,100.0
Good,73,85.0,6,40,17,1,0,94,11.0,5,5,18,2,28,10.0,0,0,10.0,,3.0,2.0,0.0,36.0
Bad,64,51.0,6,22,15,0,0,100,125.0,7,7,24,3,25,0.0,0,0,61.0,84.0,10.0,3.0,1.0,100.0
Good,81,398.0,2,112,17,0,0,100,125.0,7,7,18,2,33,0.0,0,0,47.0,60.0,5.0,2.0,1.0,64.0
Good,66,209.0,19,89,29,0,0,83,6.0,6,6,30,0,50,3.0,1,1,43.0,74.0,8.0,8.0,1.0,94.0
Good,69,189.0,7,84,34,2,1,94,0.0,2,2,36,1,8,0.0,1,1,11.0,,3.0,2.0,2.0,29.0
Good,81,253.0,13,114,15,0,0,87,9.0,6,6,15,0,0,0.0,1,1,8.0,,1.0,2.0,0.0,17.0
Good,89,151.0,20,87,14,0,0,100,125.0,7,7,14,0,50,0.0,0,0,9.0,,1.0,2.0,0.0,60.0
Good,67,114.0,5,52,13,1,0,67,30.0,7,5,15,2,13,5.0,0,0,69.0,33.0,4.0,2.0,2.0,86.0
Bad,71,170.0,9,88,43,2,2,93,6.0,6,2,46,2,17,0.0,1,1,33.0,100.0,8.0,4.0,1.0,60.0
Good,79,177.0,4,89,21,0,0,100,125.0,7,7,21,1,29,36.0,0,0,67.0,,2.0,1.0,0.0,75.0
Good,77,194.0,17,75,18,1,1,95,29.0,7,2,19,0,53,0.0,2,2,4.0,47.0,1.0,2.0,0.0,60.0
Good,69,323.0,5,95,25,2,2,93,1.0,2,2,27,1,26,16.0,0,0,0.0,,2.0,1.0,0.0,36.0
Good,60,249.0,2,81,27,0,0,96,1.0,6,6,71,3,36,36.0,3,3,59.0,21.0,3.0,5.0,2.0,53.0
Bad,84,131.0,4,57,9,0,0,100,125.0,7,7,10,1,56,10.0,0,0,11.0,76.0,2.0,3.0,0.0,83.0
Bad,73,160.0,11,79,10,1,1,91,16.0,7,4,11,1,55,36.0,1,1,16.0,,1.0,1.0,1.0,67.0
Good,91,175.0,6,127,16,0,0,100,125.0,7,7,16,1,28,0.0,0,0,3.0,,2.0,2.0,0.0,29.0
Bad,83,129.0,5,48,4,0,0,100,125.0,7,7,4,2,50,36.0,1,1,30.0,,1.0,1.0,0.0,100.0
Bad,68,180.0,8,45,28,0,0,93,24.0,7,6,32,3,13,4.0,1,1,26.0,83.0,8.0,2.0,2.0,63.0
Good,79,305.0,1,108,25,0,0,93,39.0,7,6,29,2,31,0.0,2,2,22.0,82.0,2.0,4.0,0.0,70.0
Bad,67,269.0,10,65,22,0,0,79,3.0,6,6,24,1,33,36.0,0,0,21.0,70.0,4.0,3.0,0.0,58.0
Good,81,58.0,34,49,5,0,0,100,125.0,7,7,5,0,80,0.0,0,0,14.0,60.0,1.0,2.0,0.5,100.0
Good,78,220.0,2,76,52,0,0,98,35.0,7,6,56,2,33,2.0,2,2,13.0,,5.0,4.0,0.0,69.0
Bad,63,170.0,11,75,14,1,1,87,8.0,4,4,15,1,13,0.0,2,2,56.0,,5.0,2.0,2.0,70.0
Bad,65,146.0,7,58,29,1,1,97,63.0,7,6,33,1,39,36.0,5,5,7.0,88.0,1.0,2.0,0.0,33.0
Bad,65,174.0,9,71,22,0,0,74,4.0,6,6,45,1,39,12.0,0,0,28.0,99.0,7.0,6.0,1.0,76.0
Bad,60,155.0,15,53,16,1,1,81,5.0,6,6,16,0,44,5.0,0,0,79.0,,5.0,1.0,2.0,86.0
Bad,56,68.0,4,25,22,0,0,91,31.0,7,6,22,8,27,0.0,2,2,81.0,91.0,9.0,3.0,3.0,71.0
Bad,67,427.0,17,105,35,0,0,94,4.0,6,6,37,0,51,17.0,0,0,45.0,47.0,5.0,6.0,2.0,85.0
Bad,57,180.0,6,91,10,1,0,47,2.0,6,5,16,1,31,36.0,0,0,91.0,29.0,4.0,1.0,2.0,86.0
Good,87,216.0,8,87,16,0,0,100,125.0,7,7,16,1,19,2.0,1,1,2.0,,1.0,2.0,0.0,25.0
Good,82,153.0,5,46,4,0,0,100,125.0,7,7,4,2,50,0.0,0,0,16.0,,1.0,1.0,0.0,100.0
Good,81,204.0,7,64,13,0,0,93,59.0,7,6,14,3,14,5.0,0,0,11.0,,2.0,1.0,0.0,67.0
Good,62,21.0,12,17,4,0,0,100,125.0,7,7,4,0,50,0.0,4,3,120.0,83.0,1.0,2.0,1.0,75.0
Bad,70,88.0,7,42,14,1,1,93,25.0,7,2,16,2,67,36.0,2,2,38.0,63.0,2.0,5.0,0.5,88.0
Good,68,184.0,2,69,7,0,0,58,1.0,6,6,12,2,67,6.0,0,0,4.0,57.0,2.0,5.0,0.0,78.0
Bad,73,215.0,7,88,38,1,1,92,23.0,7,6,40,1,38,19.0,0,0,1.0,78.0,4.0,2.0,1.0,50.0
Bad,73,28.0,4,18,4,0,0,100,125.0,7,7,4,1,50,0.0,5,5,41.0,81.0,2.0,2.0,0.0,100.0
Bad,56,136.0,3,8,11,0,0,100,125.0,7,7,29,9,18,0.0,13,13,27.0,90.0,5.0,2.0,0.0,64.0
Good,91,325.0,34,117,13,0,0,100,125.0,7,7,13,0,8,24.0,0,0,3.0,,2.0,2.0,0.0,25.0
Bad,68,161.0,8,50,4,0,0,100,125.0,7,7,4,1,0,0.0,0,0,87.0,,4.0,2.0,3.0,100.0
Bad,61,281.0,9,107,22,2,0,79,2.0,6,5,24,4,42,6.0,0,0,86.0,91.0,3.0,3.0,2.0,78.0
Good,88,292.0,14,105,20,0,0,100,125.0,7,7,20,0,50,0.0,2,2,11.0,83.0,2.0,2.0,0.0,50.0
Bad,66,81.0,4,35,10,0,0,100,125.0,7,7,10,3,60,0.0,1,1,79.0,94.0,4.0,2.0,2.0,100.0
Bad,62,192.0,5,38,22,0,0,100,125.0,7,7,22,2,9,0.0,3,3,65.0,,15.0,2.0,7.0,79.0
Good,81,158.0,4,87,34,0,0,100,125.0,7,7,36,6,31,36.0,5,5,19.0,93.0,7.0,3.0,0.0,63.0
Good,77,287.0,3,109,10,2,2,83,32.0,7,3,12,3,17,0.0,2,2,33.0,,2.0,1.0,1.0,43.0
Bad,58,315.0,10,78,10,0,0,64,3.0,6,6,15,1,64,2.0,3,3,78.0,77.0,2.0,2.0,1.0,100.0
Bad,64,212.0,2,61,33,1,0,87,11.0,6,5,39,7,49,36.0,10,10,0.0,100.0,1.0,5.0,0.0,50.0
Good,80,141.0,9,57,33,0,0,100,125.0,7,7,33,2,24,8.0,0,0,6.0,,1.0,1.0,1.0,43.0
Bad,66,145.0,8,81,13,1,1,71,15.0,7,2,14,1,36,0.0,1,0,0.0,64.0,0.0,3.0,0.5,60.0
Bad,70,233.0,6,69,31,0,0,97,6.0,6,6,33,1,33,0.0,0,0,35.0,68.0,6.0,3.0,1.0,59.0
Bad,64,178.0,8,108,33,0,0,85,1.0,6,6,33,2,36,0.0,4,4,48.0,78.0,5.0,3.0,3.0,62.0
Bad,69,124.0,5,51,29,0,0,100,125.0,7,7,29,4,21,36.0,1,1,51.0,76.0,7.0,3.0,1.0,77.0
Bad,73,201.0,16,108,13,0,0,93,12.0,7,6,14,0,21,0.0,0,0,47.0,77.0,6.0,2.0,1.0,89.0
Bad,58,264.0,13,78,24,0,0,92,1.0,6,6,25,0,28,0.0,5,4,70.0,23.0,13.0,2.0,5.0,94.0
Bad,61,395.0,30,103,8,0,0,73,2.0,6,6,11,0,18,0.0,0,0,79.0,,5.0,2.0,2.0,100.0
Good,69,312.0,15,94,27,1,0,82,11.0,6,5,30,0,18,15.0,0,0,54.0,62.0,2.0,2.0,1.0,56.0
Bad,71,60.0,9,29,12,1,1,92,44.0,7,6,12,2,75,0.0,2,1,0.0,59.0,0.0,2.0,0.5,75.0
Bad,72,98.0,16,49,11,0,0,91,16.0,7,6,11,0,36,4.0,4,4,56.0,79.0,1.0,1.0,0.0,67.0
Bad,58,263.0,16,88,21,2,0,69,1.0,6,5,55,0,19,2.0,1,1,20.0,51.0,6.0,1.0,1.0,57.0
Bad,62,199.0,2,65,18,0,0,85,22.0,7,6,20,3,40,36.0,5,5,58.0,82.0,4.0,3.0,1.0,88.0
Bad,61,118.0,19,63,26,1,0,78,14.0,7,5,27,0,41,0.0,3,3,65.0,67.0,3.0,4.0,1.0,88.0
Bad,69,78.0,5,40,16,0,0,100,125.0,7,7,16,1,25,0.0,2,2,69.0,,3.0,2.0,2.0,83.0
Good,87,283.0,8,108,21,0,0,100,125.0,7,7,22,2,9,0.0,0,0,18.0,,4.0,2.0,0.0,33.0
Bad,74,139.0,1,61,27,0,0,93,29.0,7,6,28,4,25,0.0,1,1,19.0,21.0,2.0,3.0,1.0,42.0
Good,80,162.0,9,82,22,0,0,100,125.0,7,7,24,1,58,0.0,0,0,79.0,45.0,2.0,2.0,0.5,80.0
Good,63,99.0,2,44,45,0,0,98,125.0,7,7,48,6,48,36.0,2,2,91.0,92.0,7.0,10.0,3.0,94.0
Bad,88,209.0,19,71,5,0,0,100,125.0,7,7,5,0,40,0.0,0,0,0.0,72.0,0.0,1.0,0.5,50.0
Good,82,429.0,10,115,30,0,0,97,19.0,7,6,30,1,13,11.0,0,0,10.0,51.0,11.0,2.0,0.0,65.0
Good,80,156.0,13,78,19,0,0,95,46.0,7,6,19,0,11,0.0,1,1,9.0,,3.0,1.0,1.0,29.0
Good,75,163.0,8,79,44,0,0,98,63.0,7,6,46,2,35,0.0,0,0,24.0,96.0,4.0,3.0,0.0,47.0
Good,72,198.0,10,50,10,1,1,91,64.0,7,2,11,1,18,2.0,3,3,47.0,,3.0,1.0,0.0,100.0
Bad,70,261.0,2,63,19,0,0,100,125.0,7,7,21,1,25,36.0,1,1,60.0,62.0,5.0,3.0,3.0,73.0
Good,69,252.0,3,90,44,1,0,91,7.0,6,5,46,4,20,4.0,1,1,23.0,100.0,11.0,2.0,1.0,78.0
Good,70,132.0,2,64,20,1,1,92,6.0,6,6,26,4,4,0.0,1,1,1.0,,1.0,2.0,0.0,13.0
Good,73,103.0,20,70,6,0,0,71,48.0,7,6,7,0,29,36.0,0,0,34.0,,1.0,2.0,0.0,100.0
Bad,56,133.0,2,64,15,0,0,88,3.0,6,6,17,2,12,0.0,2,2,84.0,,10.0,1.0,4.0,92.0
Bad,56,140.0,9,69,16,1,1,94,1.0,6,6,18,1,47,0.0,0,0,66.0,66.0,3.0,2.0,2.0,71.0
Bad,76,194.0,19,132,15,1,1,94,30.0,7,2,16,0,31,0.0,4,4,0.0,47.0,1.0,2.0,0.0,45.0
Good,86,216.0,9,125,18,0,0,94,27.0,7,6,18,1,33,16.0,0,0,0.0,70.0,0.0,3.0,0.0,43.0
Good,86,186.0,0,102,12,0,0,100,125.0,7,7,14,1,50,0.0,0,0,37.0,,3.0,1.0,0.0,80.0
Bad,75,212.0,6,52,16,1,0,88,20.0,7,5,24,2,53,36.0,2,2,16.0,44.0,2.0,2.0,0.5,44.0
Good,80,228.0,2,61,46,0,0,100,125.0,7,7,49,7,29,0.0,1,1,9.0,,5.0,2.0,0.0,57.0
Good,81,202.0,5,106,37,0,0,95,40.0,7,6,44,1,46,1.0,1,1,0.0,92.0,2.0,2.0,0.0,36.0
Bad,61,255.0,15,125,17,3,2,71,12.0,7,2,22,0,32,36.0,0,0,96.0,97.0,3.0,3.0,1.0,100.0
Good,72,180.0,13,118,19,0,0,100,125.0,7,7,20,0,35,36.0,7,7,50.0,,5.0,2.0,1.0,100.0
Good,75,356.0,15,122,20,1,0,82,8.0,7,5,22,0,18,18.0,0,0,23.0,,5.0,1.0,0.0,60.0
Good,63,307.0,2,85,35,0,0,95,22.0,7,6,38,3,24,0.0,3,3,38.0,,5.0,1.0,2.0,50.0
Good,83,180.0,5,53,25,0,0,100,125.0,7,7,26,2,4,36.0,1,1,18.0,,5.0,1.0,0.0,55.0
Good,77,177.0,12,75,7,1,1,89,19.0,7,6,9,0,22,36.0,2,2,1.0,,1.0,2.0,0.0,25.0
Good,85,251.0,5,80,45,0,0,98,43.0,7,6,48,3,17,0.0,1,1,3.0,,2.0,1.0,0.0,20.0
Bad,55,85.0,19,59,6,4,3,33,7.0,2,2,9,0,44,19.0,0,0,29.0,,2.0,1.0,0.0,75.0
Good,79,116.0,2,38,14,0,0,100,125.0,7,7,16,3,13,2.0,1,1,7.0,100.0,2.0,2.0,0.0,44.0
Bad,65,88.0,9,45,20,0,0,85,1.0,6,6,20,1,20,0.0,0,0,14.0,71.0,4.0,2.0,1.0,50.0
Bad,74,271.0,10,76,22,0,0,100,125.0,7,7,24,1,46,0.0,0,0,70.0,43.0,8.0,4.0,3.0,100.0
Bad,57,173.0,3,48,25,1,1,96,1.0,4,4,26,4,23,0.0,2,2,4.0,36.0,5.0,4.0,0.0,60.0
Bad,57,154.0,6,68,24,2,1,71,8.0,6,4,28,3,14,0.0,1,1,38.0,30.0,6.0,1.0,0.0,42.0
Good,61,171.0,8,78,40,0,0,93,7.0,6,6,42,1,24,0.0,0,0,49.0,68.0,7.0,3.0,2.0,67.0
Bad,60,178.0,5,53,23,0,0,75,10.0,6,6,24,6,29,4.0,2,2,35.0,75.0,3.0,3.0,1.0,55.0
Bad,77,301.0,4,149,13,0,0,92,9.0,6,6,42,2,31,36.0,0,0,20.0,89.0,6.0,2.0,1.0,80.0
Bad,61,162.0,5,63,24,7,2,75,11.0,6,2,32,1,44,0.0,4,4,46.0,85.0,1.0,2.0,0.0,43.0
Bad,59,326.0,7,72,21,0,0,81,4.0,6,6,21,2,52,0.0,2,2,23.0,,5.0,1.0,1.0,67.0
Good,80,184.0,8,127,19,0,0,100,125.0,7,7,20,1,50,20.0,0,0,44.0,36.0,2.0,2.0,1.0,80.0
Bad,71,367.0,7,145,38,0,0,95,59.0,7,6,41,1,29,1.0,4,4,21.0,97.0,13.0,2.0,1.0,73.0
Bad,78,82.0,5,54,33,0,0,100,125.0,7,7,41,2,15,36.0,3,3,21.0,11.0,9.0,3.0,2.0,50.0
Good,81,156.0,1,77,31,0,0,100,125.0,7,7,37,2,39,0.0,4,4,13.0,,1.0,2.0,0.0,33.0
Good,69,222.0,12,103,31,1,0,94,79.0,7,5,33,0,33,6.0,1,0,32.0,68.0,13.0,3.0,2.0,84.0
Good,85,326.0,4,120,21,0,0,100,125.0,7,7,44,1,26,4.0,3,3,5.0,39.0,2.0,2.0,0.0,31.0
Bad,56,305.0,4,97,8,2,1,73,1.0,6,4,11,1,36,0.0,5,5,15.0,96.0,5.0,4.0,1.0,100.0
Bad,72,26.0,2,13,12,0,0,100,125.0,7,7,14,6,43,2.0,3,2,20.0,89.0,3.0,5.0,0.0,62.0
Bad,65,243.0,2,77,26,1,0,90,7.0,6,5,30,3,57,0.0,6,6,72.0,100.0,2.0,4.0,0.5,86.0
Bad,70,127.0,5,53,26,0,0,100,125.0,7,7,26,2,50,0.0,0,0,59.0,65.0,4.0,4.0,3.0,67.0
Good,81,162.0,23,89,26,0,0,100,125.0,7,7,26,0,31,3.0,1,1,11.0,58.0,1.0,2.0,0.0,33.0
Good,86,158.0,3,71,29,0,0,100,125.0,7,7,31,6,52,3.0,1,1,3.0,93.0,1.0,2.0,0.0,43.0
Good,87,270.0,26,83,28,0,0,100,125.0,7,7,28,0,25,0.0,0,0,0.0,,1.0,2.0,0.0,10.0
Good,69,256.0,4,69,57,1,1,95,31.0,7,3,63,4,44,0.0,5,5,58.0,82.0,14.0,9.0,5.0,77.0
Bad,70,139.0,17,58,19,0,0,100,125.0,7,7,19,0,37,1.0,4,4,63.0,76.0,3.0,3.0,1.0,86.0
Bad,88,419.0,11,101,21,0,0,100,125.0,7,7,21,1,33,0.0,0,0,0.0,,0.0,1.0,0.0,25.0
Good,78,368.0,26,132,28,0,0,96,47.0,7,6,38,0,29,2.0,2,2,15.0,,1.0,2.0,0.0,30.0
Bad,64,142.0,1,34,12,2,2,85,35.0,7,2,21,6,33,0.0,2,2,24.0,67.0,5.0,3.0,0.0,67.0
Good,87,152.0,17,83,21,0,0,100,125.0,7,7,21,0,62,16.0,0,0,4.0,78.0,2.0,2.0,0.0,67.0
Bad,66,180.0,7,63,23,0,0,96,31.0,7,6,25,3,24,36.0,0,0,73.0,47.0,8.0,3.0,4.0,85.0
Good,73,229.0,4,56,32,0,0,100,125.0,7,7,33,5,63,5.0,1,1,18.0,69.0,3.0,12.0,1.0,83.0
Bad,62,88.0,1,35,20,0,0,95,63.0,7,6,22,7,50,0.0,4,3,30.0,70.0,6.0,5.0,0.0,92.0
Bad,69,306.0,8,48,21,0,0,91,18.0,7,6,37,1,27,36.0,1,1,38.0,77.0,5.0,3.0,2.0,50.0
Good,83,228.0,2,95,46,0,0,100,125.0,7,7,51,3,33,1.0,1,1,26.0,100.0,2.0,1.0,1.0,27.0
Good,72,214.0,6,88,34,0,0,97,78.0,7,6,35,1,46,36.0,3,3,59.0,31.0,5.0,4.0,2.0,90.0
Bad,54,424.0,0,147,7,4,2,73,19.0,7,2,12,3,27,0.0,4,4,61.0,91.0,6.0,2.0,1.0,89.0
Good,89,135.0,19,80,30,0,0,100,125.0,7,7,30,0,17,0.0,0,0,0.0,,1.0,1.0,0.0,22.0
Bad,75,169.0,6,86,20,0,0,95,63.0,7,6,41,2,57,6.0,0,0,57.0,71.0,3.0,2.0,2.0,83.0
Bad,61,83.0,2,40,22,0,0,96,1.0,6,6,23,4,26,3.0,1,1,50.0,,7.0,2.0,1.0,69.0
Bad,67,180.0,4,15,12,0,0,100,125.0,7,7,13,6,23,36.0,4,4,28.0,95.0,7.0,2.0,1.0,90.0
Good,71,235.0,4,71,32,1,1,94,83.0,7,2,33,6,27,0.0,0,0,49.0,92.0,9.0,3.0,1.0,80.0
Bad,80,164.0,25,104,20,0,0,100,125.0,7,7,21,0,5,6.0,0,0,55.0,,4.0,1.0,0.0,50.0
Good,80,139.0,1,40,12,0,0,100,125.0,7,7,14,4,36,2.0,5,5,19.0,97.0,5.0,2.0,0.0,88.0
Bad,54,225.0,0,79,44,3,2,75,3.0,5,2,63,6,25,1.0,5,5,18.0,77.0,10.0,4.0,0.0,80.0
Good,83,181.0,2,150,5,0,0,100,125.0,7,7,10,1,17,36.0,1,1,30.0,99.0,1.0,1.0,0.5,100.0
Bad,67,97.0,2,46,8,0,0,100,125.0,7,7,9,1,33,0.0,1,1,66.0,48.0,5.0,2.0,1.0,88.0
Bad,74,247.0,9,107,46,0,0,100,125.0,7,7,47,2,38,0.0,1,1,38.0,88.0,11.0,1.0,2.0,87.0
Good,76,219.0,26,75,17,0,0,100,125.0,7,7,17,0,35,11.0,1,0,59.0,32.0,3.0,2.0,2.0,71.0
Bad,66,340.0,11,117,36,0,0,100,125.0,7,7,36,1,11,0.0,0,0,81.0,,20.0,1.0,11.0,75.0
Good,77,92.0,5,44,15,0,0,100,125.0,7,7,15,3,40,2.0,3,3,40.0,53.0,2.0,4.0,0.0,67.0
Bad,82,147.0,6,35,6,0,0,100,125.0,7,7,6,2,50,0.0,0,0,16.0,73.0,1.0,2.0,0.0,75.0
Bad,63,154.0,20,85,21,2,2,92,7.0,6,6,25,0,21,1.0,3,3,92.0,,3.0,1.0,1.0,100.0
Good,82,182.0,6,106,10,0,0,100,125.0,7,7,10,1,30,0.0,0,0,65.0,,2.0,2.0,0.0,80.0
Good,72,113.0,13,62,37,0,0,100,125.0,7,7,37,0,24,1.0,2,2,46.0,78.0,10.0,5.0,4.0,71.0
Good,65,256.0,40,190,23,1,1,85,5.0,6,4,27,0,52,5.0,0,0,75.0,27.0,4.0,3.0,1.0,88.0
Bad,66,160.0,3,71,17,0,0,83,15.0,7,6,18,1,44,0.0,1,1,32.0,70.0,3.0,3.0,1.0,86.0
Bad,79,41.0,1,15,6,0,0,100,125.0,7,7,8,2,25,0.0,2,2,1.0,64.0,1.0,2.0,0.0,38.0
Bad,62,185.0,8,83,58,2,2,92,30.0,7,2,60,4,73,0.0,0,0,109.0,79.0,9.0,8.0,4.0,100.0
Good,79,306.0,2,89,19,0,0,95,15.0,7,6,21,2,24,1.0,1,1,12.0,,5.0,1.0,0.0,60.0
Bad,70,310.0,2,58,16,0,0,100,125.0,7,7,17,5,12,0.0,4,4,62.0,,6.0,1.0,2.0,88.0
Bad,83,122.0,13,35,11,0,0,100,125.0,7,7,11,0,36,0.0,0,0,2.0,,2.0,1.0,0.0,50.0
Bad,72,177.0,21,75,15,1,0,94,13.0,7,5,16,0,38,0.0,0,0,30.0,,5.0,1.0,1.0,86.0
Good,82,235.0,24,123,30,0,0,100,125.0,7,7,32,0,38,36.0,0,0,36.0,,3.0,1.0,0.0,100.0
Bad,79,209.0,5,77,28,0,0,100,125.0,7,7,28,3,29,0.0,0,0,43.0,,4.0,2.0,2.0,55.0
Good,87,150.0,27,77,27,0,0,100,125.0,7,7,27,0,30,2.0,1,1,4.0,3.0,4.0,2.0,0.0,55.0
Bad,60,134.0,9,48,12,0,0,92,23.0,7,6,15,1,57,0.0,1,1,97.0,57.0,4.0,5.0,3.0,90.0
Good,89,118.0,5,56,9,0,0,100,125.0,7,7,9,1,22,6.0,0,0,0.0,,1.0,2.0,0.0,17.0
Bad,61,132.0,1,71,12,2,0,81,71.0,7,5,16,3,31,0.0,5,5,86.0,,7.0,1.0,3.0,80.0
Good,74,183.0,4,84,21,1,1,86,3.0,7,4,24,1,32,2.0,1,1,15.0,,2.0,2.0,0.0,25.0
Bad,64,128.0,16,75,18,1,1,95,39.0,7,6,20,0,16,0.0,0,0,46.0,,7.0,2.0,1.0,88.0
Bad,54,206.0,7,75,8,1,0,64,6.0,6,5,11,1,64,0.0,0,0,92.0,,2.0,1.0,0.5,75.0
Bad,64,323.0,7,106,21,5,4,77,11.0,2,5,23,2,9,14.0,0,0,27.0,71.0,5.0,2.0,1.0,50.0
Good,74,390.0,1,98,37,0,0,100,125.0,7,7,38,5,24,0.0,4,3,22.0,64.0,4.0,1.0,1.0,33.0
Bad,75,129.0,1,48,22,0,0,100,125.0,7,7,23,5,61,9.0,0,0,46.0,95.0,2.0,6.0,0.0,80.0
Bad,62,433.0,1,79,31,3,3,92,24.0,7,2,39,7,85,0.0,2,2,13.0,97.0,1.0,4.0,0.5,100.0
Bad,84,130.0,11,61,14,0,0,100,125.0,7,7,14,2,43,0.0,1,1,0.0,61.0,2.0,2.0,0.0,67.0
Good,82,197.0,75,173,12,1,0,93,48.0,7,5,14,0,7,36.0,1,1,1.0,,6.0,2.0,0.0,67.0
Bad,55,110.0,20,63,9,2,0,62,11.0,6,5,13,0,46,0.0,1,1,92.0,89.0,3.0,2.0,1.0,100.0
Good,71,314.0,9,116,63,1,1,84,4.0,6,3,64,2,9,0.0,2,2,5.0,91.0,7.0,2.0,0.0,37.0
Good,67,220.0,7,61,30,0,0,97,32.0,7,6,30,5,53,1.0,4,4,50.0,70.0,6.0,9.0,2.0,88.0
Bad,67,250.0,6,103,26,0,0,88,1.0,6,6,26,1,35,0.0,0,0,79.0,60.0,4.0,2.0,2.0,75.0
Bad,58,334.0,4,99,34,0,0,68,13.0,7,6,37,2,54,2.0,4,4,68.0,32.0,3.0,4.0,1.0,58.0
Good,81,255.0,1,75,28,0,0,100,125.0,7,7,30,2,27,0.0,1,1,17.0,67.0,5.0,2.0,0.0,44.0
Good,75,422.0,1,91,55,0,0,100,125.0,7,7,57,4,33,0.0,4,4,2.0,11.0,12.0,2.0,1.0,57.0
Bad,54,184.0,3,101,42,0,0,88,4.0,6,6,43,4,51,0.0,1,1,64.0,83.0,8.0,3.0,3.0,93.0
Good,73,134.0,11,54,23,0,0,100,125.0,7,7,24,1,46,2.0,1,1,47.0,58.0,4.0,4.0,1.0,67.0
Good,79,138.0,4,56,26,0,0,100,125.0,7,7,27,3,19,36.0,0,0,12.0,,4.0,2.0,0.0,70.0
Bad,65,187.0,6,86,31,0,0,94,17.0,7,6,32,1,34,0.0,1,1,58.0,77.0,10.0,4.0,4.0,93.0
Bad,77,199.0,2,60,24,0,0,100,125.0,7,7,29,3,21,0.0,0,0,66.0,41.0,5.0,3.0,2.0,67.0
Good,84,196.0,10,82,12,0,0,100,125.0,7,7,25,1,17,0.0,2,2,29.0,54.0,5.0,2.0,0.0,64.0
Good,65,338.0,7,55,24,0,0,83,9.0,6,6,24,2,33,0.0,2,2,13.0,78.0,2.0,2.0,0.0,31.0
Bad,76,293.0,4,74,33,0,0,100,125.0,7,7,34,1,38,0.0,2,2,37.0,,13.0,1.0,0.0,88.0
Good,83,202.0,10,98,22,3,1,88,34.0,7,4,25,2,24,1.0,1,1,6.0,83.0,4.0,2.0,0.0,50.0
Good,88,448.0,6,156,23,0,0,100,125.0,7,7,29,1,22,0.0,0,0,6.0,4.0,5.0,2.0,0.0,50.0
Bad,73,181.0,8,71,25,0,0,100,125.0,7,7,25,4,56,0.0,0,0,45.0,76.0,6.0,6.0,1.0,86.0
Bad,81,178.0,2,52,13,0,0,100,125.0,7,7,15,1,33,0.0,3,3,7.0,75.0,3.0,1.0,0.0,57.0
Good,88,188.0,13,82,20,0,0,100,125.0,7,7,20,0,40,0.0,0,0,17.0,82.0,2.0,2.0,0.0,50.0
Bad,57,164.0,5,74,30,1,1,90,7.0,2,6,35,1,57,0.0,5,4,64.0,75.0,6.0,4.0,2.0,92.0
Bad,56,95.0,2,24,15,0,0,100,125.0,7,7,19,4,44,4.0,1,1,73.0,87.0,5.0,6.0,2.0,85.0
Bad,63,148.0,2,56,31,1,1,97,67.0,7,2,38,5,45,0.0,3,3,82.0,,9.0,2.0,6.0,92.0
Good,77,216.0,4,91,39,0,0,100,125.0,7,7,41,3,29,0.0,3,3,46.0,83.0,8.0,5.0,0.0,68.0
Good,74,107.0,4,59,22,1,1,96,71.0,7,2,23,1,17,3.0,1,1,23.0,26.0,2.0,2.0,1.0,44.0
Bad,68,144.0,2,41,19,0,0,100,125.0,7,7,21,4,24,0.0,1,1,63.0,78.0,10.0,3.0,3.0,93.0
Bad,86,70.0,9,39,10,0,0,100,125.0,7,7,10,1,10,0.0,0,0,0.0,,1.0,1.0,0.0,22.0
Bad,78,246.0,17,109,15,0,0,100,125.0,7,7,15,0,40,0.0,0,0,71.0,,2.0,1.0,2.0,43.0
Good,72,271.0,3,58,39,1,0,98,8.0,6,5,43,2,40,0.0,6,6,12.0,92.0,4.0,3.0,0.0,64.0
Bad,67,233.0,12,66,13,1,0,87,10.0,6,5,15,0,67,0.0,1,1,33.0,81.0,3.0,2.0,1.0,83.0
Bad,58,205.0,8,15,4,0,0,100,125.0,7,7,16,3,25,36.0,3,3,91.0,,3.0,1.0,1.0,100.0
Bad,68,125.0,9,95,14,3,3,94,58.0,2,2,16,1,50,7.0,0,0,14.0,97.0,2.0,2.0,0.0,57.0
Good,78,202.0,2,70,15,0,0,94,63.0,7,6,17,4,18,1.0,1,1,10.0,,4.0,1.0,0.0,38.0
Bad,74,264.0,11,64,28,0,0,96,29.0,7,6,58,1,29,36.0,5,5,37.0,,5.0,2.0,1.0,44.0
Good,76,186.0,1,83,21,0,0,96,11.0,6,6,25,4,28,36.0,2,2,12.0,,3.0,2.0,0.0,44.0
Good,75,289.0,3,83,39,1,1,95,33.0,7,2,42,2,33,3.0,1,1,21.0,,3.0,1.0,1.0,50.0
Bad,68,69.0,8,42,10,0,0,90,125.0,7,7,10,1,40,0.0,3,2,79.0,72.0,3.0,2.0,1.0,100.0
Good,80,49.0,7,27,7,0,0,100,125.0,7,7,7,1,71,1.0,1,1,0.0,82.0,0.0,1.0,0.0,33.0
Bad,77,516.0,14,110,10,0,0,90,14.0,7,6,10,0,30,0.0,1,1,55.0,79.0,3.0,2.0,1.0,86.0
Bad,64,237.0,13,88,7,3,3,70,18.0,7,3,10,0,70,36.0,0,0,34.0,88.0,1.0,1.0,0.0,67.0
Bad,58,67.0,2,28,14,0,0,100,125.0,7,7,15,3,7,1.0,2,2,69.0,,9.0,1.0,2.0,83.0
Bad,66,502.0,4,145,34,0,0,97,36.0,7,6,37,4,27,4.0,3,3,80.0,53.0,17.0,3.0,12.0,83.0
Bad,76,66.0,2,31,5,0,0,100,125.0,7,7,7,3,0,0.0,1,1,47.0,,3.0,2.0,2.0,100.0
Bad,72,254.0,11,68,18,0,0,95,1.0,6,6,24,1,16,4.0,1,1,3.0,19.0,4.0,3.0,0.0,58.0
Bad,60,205.0,4,74,32,0,0,88,4.0,6,6,34,5,59,36.0,4,4,32.0,62.0,4.0,3.0,0.0,80.0
Bad,90,406.0,1,146,10,0,0,100,125.0,7,7,11,1,36,36.0,0,0,0.0,,2.0,1.0,0.5,60.0
Good,75,224.0,19,97,21,0,0,100,125.0,7,7,21,0,33,36.0,0,0,57.0,49.0,2.0,2.0,2.0,36.0
Bad,54,94.0,1,44,16,0,0,88,1.0,6,6,17,4,29,0.0,1,1,58.0,94.0,4.0,2.0,3.0,75.0
Bad,54,336.0,13,93,17,1,1,89,4.0,4,4,18,0,33,0.0,4,4,65.0,53.0,4.0,2.0,2.0,75.0
Bad,71,158.0,1,71,29,0,0,100,125.0,7,7,30,6,30,0.0,2,2,39.0,94.0,5.0,3.0,2.0,67.0
Good,64,228.0,5,84,60,0,0,95,23.0,7,6,60,4,38,0.0,0,0,35.0,,10.0,2.0,3.0,68.0
Bad,57,68.0,4,37,15,0,0,81,31.0,7,6,16,3,50,0.0,1,1,98.0,85.0,4.0,4.0,1.0,80.0
Bad,77,221.0,0,64,31,0,0,94,14.0,7,6,36,4,51,36.0,1,0,9.0,88.0,3.0,6.0,0.0,45.0
Bad,57,130.0,6,38,15,0,0,80,1.0,6,6,15,1,27,13.0,0,0,84.0,71.0,6.0,3.0,4.0,82.0
Bad,80,271.0,9,62,12,0,0,92,9.0,6,6,12,1,33,36.0,0,0,29.0,50.0,1.0,2.0,0.0,60.0
Good,85,176.0,3,95,12,0,0,100,125.0,7,7,14,1,21,0.0,0,0,26.0,,3.0,2.0,0.0,100.0
Good,91,240.0,22,118,8,0,0,100,125.0,7,7,8,0,0,0.0,0,0,5.0,,3.0,2.0,0.0,50.0
Bad,83,195.0,4,94,18,0,0,100,125.0,7,7,18,2,28,4.0,1,1,25.0,56.0,2.0,2.0,0.0,44.0
Good,71,167.0,31,84,21,0,0,96,37.0,7,6,23,0,13,36.0,0,0,55.0,,5.0,1.0,3.0,60.0
Bad,76,108.0,14,58,18,1,0,95,62.0,7,5,19,0,42,0.0,0,0,20.0,,4.0,2.0,1.0,86.0
Bad,75,169.0,2,59,21,0,0,100,125.0,7,7,22,4,36,36.0,4,4,43.0,112.0,4.0,6.0,0.0,83.0
Good,74,332.0,15,113,19,0,0,95,32.0,7,6,20,0,35,21.0,0,0,58.0,65.0,5.0,3.0,1.0,57.0
Bad,54,232.0,2,91,19,0,0,70,2.0,6,6,23,3,48,0.0,1,1,97.0,36.0,6.0,3.0,0.0,90.0
Good,77,155.0,20,94,13,0,0,100,125.0,7,7,15,0,53,0.0,0,0,42.0,55.0,3.0,1.0,0.0,50.0
Bad,60,37.0,9,22,11,0,0,100,125.0,7,7,11,1,55,36.0,8,8,112.0,61.0,3.0,1.0,0.0,100.0
Good,91,262.0,19,101,9,0,0,100,125.0,7,7,9,0,0,19.0,0,0,8.0,,2.0,2.0,0.0,50.0
Bad,66,79.0,3,31,19,0,0,100,125.0,7,7,20,1,45,0.0,5,5,81.0,68.0,6.0,4.0,1.0,100.0
Bad,51,169.0,5,70,19,0,0,62,2.0,6,6,21,1,33,0.0,0,0,87.0,48.0,5.0,2.0,4.0,64.0
Bad,69,165.0,4,62,12,0,0,92,75.0,7,6,12,2,58,0.0,1,1,97.0,71.0,4.0,1.0,3.0,100.0
Good,75,180.0,4,49,17,0,0,100,125.0,7,7,19,2,26,36.0,1,1,100.0,57.0,1.0,2.0,1.0,50.0
Good,90,162.0,12,99,19,0,0,100,125.0,7,7,21,0,52,0.0,0,0,3.0,,3.0,1.0,0.0,67.0
Bad,59,136.0,6,42,18,0,0,89,17.0,7,6,18,4,28,0.0,1,1,44.0,99.0,5.0,2.0,3.0,50.0
Good,64,230.0,11,108,35,0,0,92,4.0,6,6,39,1,47,2.0,1,1,56.0,40.0,7.0,8.0,2.0,83.0
Good,80,88.0,8,48,16,0,0,100,125.0,7,7,16,2,25,36.0,0,0,3.0,,2.0,1.0,0.0,38.0
Good,91,270.0,23,132,16,0,0,100,125.0,7,7,16,0,13,0.0,0,0,6.0,,3.0,1.0,0.0,50.0
Good,91,278.0,29,123,17,0,0,100,125.0,7,7,19,0,32,0.0,0,0,1.0,,4.0,1.0,0.0,63.0
Good,65,155.0,1,89,6,1,0,78,8.0,6,5,9,1,33,0.0,4,4,50.0,74.0,1.0,3.0,0.0,67.0
Bad,69,160.0,5,109,11,1,1,92,20.0,7,3,13,1,31,36.0,0,0,94.0,,3.0,2.0,3.0,100.0
Bad,87,115.0,11,59,9,0,0,100,125.0,7,7,9,2,78,36.0,1,1,0.0,,0.0,2.0,0.0,50.0
Good,88,441.0,18,113,17,0,0,100,125.0,7,7,19,0,17,22.0,0,0,0.0,,1.0,2.0,0.0,43.0
Bad,67,235.0,5,39,11,0,0,91,6.0,6,6,30,3,27,36.0,1,1,47.0,78.0,3.0,2.0,0.0,71.0
Good,64,180.0,2,40,27,0,0,100,125.0,7,7,30,6,7,36.0,5,5,32.0,,7.0,1.0,3.0,47.0
Bad,70,45.0,3,27,3,0,0,100,125.0,7,7,4,1,67,0.0,1,1,55.0,45.0,1.0,1.0,0.0,100.0
Good,73,255.0,12,40,10,0,0,100,125.0,7,7,35,0,30,36.0,3,3,62.0,73.0,3.0,2.0,2.0,83.0
Good,82,258.0,8,118,22,1,0,91,78.0,7,5,23,2,43,36.0,0,0,39.0,66.0,2.0,2.0,0.0,57.0
Bad,72,293.0,13,138,4,2,1,83,32.0,7,5,6,0,50,0.0,1,1,0.0,,0.0,1.0,0.5,50.0
Good,64,169.0,2,76,64,0,0,98,63.0,7,6,66,4,21,0.0,1,1,53.0,,15.0,2.0,4.0,62.0
Good,81,419.0,11,240,13,0,0,100,125.0,7,7,13,1,8,11.0,0,0,55.0,,3.0,2.0,1.0,50.0
Bad,68,514.0,14,104,14,0,0,94,10.0,6,6,16,0,50,0.0,0,0,42.0,,4.0,2.0,0.0,80.0
Bad,80,93.0,5,45,6,0,0,100,125.0,7,7,6,2,50,36.0,9,7,7.0,83.0,1.0,1.0,0.0,67.0
Good,65,192.0,6,79,22,3,2,78,44.0,7,2,27,3,26,8.0,1,0,59.0,80.0,7.0,2.0,2.0,90.0
Bad,70,241.0,2,104,23,1,0,70,26.0,7,5,27,1,52,0.0,1,1,43.0,53.0,5.0,2.0,0.0,89.0
Bad,59,163.0,18,80,5,1,1,83,63.0,7,6,6,0,83,6.0,0,0,101.0,42.0,1.0,2.0,1.0,100.0
Good,92,206.0,8,122,11,0,0,100,125.0,7,7,20,1,15,1.0,1,1,1.0,,2.0,1.0,0.0,60.0
Bad,61,159.0,2,80,27,3,2,74,5.0,6,2,32,2,10,36.0,1,1,21.0,,5.0,1.0,2.0,50.0
Good,84,311.0,10,85,26,0,0,100,125.0,7,7,26,1,31,0.0,0,0,8.0,23.0,3.0,2.0,0.0,36.0
Good,74,205.0,24,102,24,1,1,88,5.0,6,4,41,0,15,36.0,1,1,6.0,58.0,2.0,3.0,0.0,63.0
Bad,66,389.0,39,114,19,1,0,78,17.0,7,5,23,0,35,0.0,6,6,62.0,,3.0,2.0,2.0,63.0
Bad,58,163.0,2,67,23,1,0,81,3.0,6,5,27,4,52,0.0,5,5,40.0,79.0,7.0,5.0,1.0,93.0
Bad,59,185.0,7,76,21,0,0,83,11.0,6,6,24,2,63,0.0,3,3,59.0,64.0,2.0,6.0,2.0,73.0
Good,77,118.0,5,58,36,0,0,97,56.0,7,6,38,2,11,5.0,0,0,6.0,42.0,1.0,2.0,0.0,27.0
Good,76,348.0,7,119,29,0,0,100,125.0,7,7,29,1,28,0.0,0,0,33.0,89.0,10.0,2.0,1.0,65.0
Good,58,71.0,2,31,20,0,0,91,8.0,6,6,22,6,41,0.0,0,0,35.0,81.0,2.0,3.0,1.0,56.0
Good,85,214.0,5,79,28,0,0,97,39.0,7,6,33,1,33,14.0,0,0,7.0,,3.0,2.0,0.0,50.0
Good,80,263.0,14,84,23,0,0,96,63.0,7,6,23,0,52,0.0,0,0,8.0,33.0,4.0,3.0,0.0,70.0
Bad,75,160.0,2,82,46,0,0,100,125.0,7,7,48,2,17,0.0,3,3,19.0,,10.0,3.0,1.0,41.0
Bad,80,94.0,3,49,27,0,0,100,125.0,7,7,28,1,14,0.0,2,2,21.0,,4.0,1.0,0.0,45.0
Bad,63,257.0,12,84,31,0,0,97,14.0,7,6,61,0,29,0.0,4,4,70.0,73.0,10.0,3.0,5.0,70.0
Bad,62,343.0,3,154,16,9,4,60,28.0,7,2,25,2,20,0.0,3,3,59.0,,4.0,2.0,1.0,67.0
Good,60,273.0,3,126,32,4,4,89,2.0,6,6,35,3,11,0.0,0,0,37.0,74.0,16.0,2.0,0.0,95.0
Good,71,155.0,1,71,24,0,0,100,125.0,7,7,25,3,32,3.0,3,3,54.0,,3.0,1.0,1.0,100.0
Bad,65,249.0,2,70,32,1,1,94,14.0,7,6,33,2,18,36.0,2,2,48.0,,8.0,1.0,1.0,45.0
Bad,63,378.0,10,84,36,1,1,89,10.0,6,4,37,2,54,0.0,2,2,60.0,67.0,4.0,6.0,3.0,77.0
Bad,70,211.0,25,107,14,0,0,86,3.0,6,6,14,0,29,0.0,0,0,13.0,58.0,3.0,2.0,0.0,56.0
Bad,42,179.0,1,72,50,9,6,69,0.0,2,2,62,5,53,36.0,2,2,92.0,94.0,4.0,5.0,4.0,100.0
Bad,74,66.0,6,36,10,0,0,100,125.0,7,7,10,1,40,0.0,3,0,41.0,94.0,2.0,1.0,1.0,75.0
Good,73,138.0,5,76,5,1,1,75,25.0,7,4,8,1,63,0.0,2,2,0.0,92.0,0.0,2.0,0.5,67.0
Good,77,170.0,10,84,25,0,0,100,125.0,7,7,26,1,12,36.0,2,2,58.0,46.0,3.0,1.0,2.0,50.0
Bad,84,380.0,10,100,15,0,0,100,125.0,7,7,51,1,27,5.0,0,0,0.0,87.0,1.0,2.0,0.0,33.0
Good,73,209.0,11,84,22,1,0,87,29.0,7,5,23,1,43,0.0,1,1,6.0,84.0,2.0,2.0,1.0,31.0
Good,77,195.0,22,87,24,0,0,100,125.0,7,7,46,0,13,4.0,1,1,49.0,,6.0,1.0,1.0,58.0
Bad,73,41.0,10,23,7,0,0,100,125.0,7,7,7,3,29,0.0,5,5,17.0,,1.0,1.0,1.0,33.0
Good,91,283.0,9,140,7,0,0,100,125.0,7,7,7,1,29,0.0,0,0,11.0,,2.0,1.0,0.0,60.0
Good,66,130.0,8,49,15,1,1,88,33.0,7,2,16,1,81,0.0,0,0,78.0,83.0,1.0,5.0,0.5,100.0
Good,66,305.0,36,134,26,1,0,90,8.0,6,5,29,0,28,5.0,0,0,46.0,,6.0,2.0,3.0,62.0
Bad,72,103.0,9,58,16,2,0,89,59.0,7,5,19,1,6,1.0,1,1,14.0,,2.0,2.0,1.0,18.0
Bad,58,108.0,4,49,11,2,1,57,6.0,6,2,14,3,71,0.0,4,3,0.0,74.0,1.0,4.0,0.5,83.0
Good,54,189.0,6,85,7,1,0,50,3.0,5,5,10,1,40,0.0,0,0,81.0,,4.0,1.0,1.0,100.0
Good,84,264.0,2,87,19,0,0,100,125.0,7,7,20,2,35,0.0,3,3,14.0,94.0,2.0,2.0,1.0,36.0
Bad,57,140.0,13,67,8,4,4,80,26.0,7,4,10,0,50,3.0,1,1,93.0,71.0,1.0,2.0,1.0,100.0
Bad,58,107.0,22,55,17,1,0,89,1.0,5,5,18,0,22,1.0,2,2,6.0,,5.0,1.0,0.0,60.0
Good,89,190.0,17,88,21,0,0,100,125.0,7,7,21,0,19,0.0,1,1,14.0,,3.0,1.0,0.0,50.0
Good,65,228.0,7,89,12,2,2,93,80.0,7,3,15,2,57,0.0,1,1,92.0,,1.0,1.0,1.0,100.0
Bad,91,291.0,7,88,26,0,0,100,125.0,7,7,26,2,35,7.0,0,0,0.0,,3.0,2.0,0.0,23.0
Bad,68,221.0,7,89,19,4,0,83,53.0,7,5,23,1,39,0.0,0,0,70.0,100.0,2.0,2.0,2.0,40.0
Bad,66,172.0,10,90,44,0,0,100,125.0,7,7,48,1,38,36.0,2,1,65.0,85.0,12.0,2.0,8.0,82.0
Bad,74,183.0,6,76,19,0,0,100,125.0,7,7,19,2,26,0.0,0,0,44.0,15.0,4.0,2.0,2.0,75.0
Bad,62,295.0,21,124,10,2,2,64,16.0,7,2,14,0,36,20.0,0,0,38.0,30.0,3.0,3.0,0.0,86.0
Bad,60,159.0,6,69,15,0,0,73,2.0,6,6,22,1,33,13.0,0,0,62.0,42.0,4.0,3.0,2.0,88.0
Bad,69,59.0,10,43,10,2,2,75,32.0,7,3,12,1,50,0.0,0,0,18.0,81.0,1.0,2.0,0.0,75.0
Bad,59,246.0,2,81,34,0,0,94,3.0,6,6,41,3,46,8.0,0,0,56.0,85.0,7.0,3.0,3.0,67.0
Bad,84,239.0,6,63,25,0,0,100,125.0,7,7,27,4,37,0.0,5,5,7.0,,2.0,2.0,0.0,20.0
Good,82,401.0,10,161,13,0,0,93,3.0,6,6,14,3,14,0.0,0,0,5.0,,2.0,2.0,0.0,40.0
Good,68,196.0,9,79,26,0,0,93,2.0,6,6,29,1,41,8.0,0,0,30.0,50.0,4.0,4.0,1.0,80.0
Bad,77,433.0,2,22,7,0,0,100,125.0,7,7,24,3,25,1.0,2,2,17.0,100.0,1.0,2.0,0.0,60.0
Bad,74,167.0,4,63,17,0,0,94,31.0,7,6,17,2,41,0.0,2,2,38.0,91.0,4.0,3.0,2.0,78.0
Bad,83,192.0,63,148,7,0,0,100,125.0,7,7,7,0,71,0.0,1,1,30.0,,3.0,1.0,0.5,100.0
Good,66,52.0,7,7,1,0,0,100,125.0,7,7,2,1,0,36.0,3,3,48.0,,1.0,2.0,0.5,100.0
Good,83,229.0,3,71,14,0,0,100,125.0,7,7,14,2,43,0.0,3,3,0.0,95.0,1.0,4.0,0.0,71.0
Good,80,223.0,5,96,25,0,0,100,125.0,7,7,25,4,36,0.0,1,1,18.0,83.0,5.0,3.0,1.0,53.0
Good,87,206.0,32,87,23,0,0,100,125.0,7,7,23,0,30,0.0,3,3,6.0,,1.0,2.0,0.0,13.0
Bad,76,114.0,7,51,23,0,0,100,125.0,7,7,23,6,35,0.0,0,0,1.0,90.0,1.0,3.0,0.0,50.0
Bad,81,76.0,10,49,12,0,0,100,125.0,7,7,12,1,17,0.0,0,0,27.0,,2.0,1.0,0.0,44.0
Bad,65,153.0,4,81,17,0,0,89,29.0,7,6,19,3,53,1.0,1,1,60.0,,4.0,2.0,0.0,86.0
Good,89,148.0,15,79,11,0,0,100,125.0,7,7,12,0,33,0.0,0,0,2.0,,3.0,1.0,0.0,80.0
Bad,69,153.0,32,85,3,0,0,100,125.0,7,7,3,0,100,36.0,2,1,30.0,10.0,3.0,1.0,0.5,100.0
Bad,58,195.0,2,57,26,0,0,100,125.0,7,7,27,4,33,36.0,4,4,72.0,100.0,9.0,2.0,3.0,92.0
Good,82,350.0,10,100,30,0,0,100,125.0,7,7,31,1,52,3.0,1,1,4.0,58.0,4.0,3.0,0.0,100.0
Bad,54,207.0,3,69,34,1,0,75,1.0,5,5,38,6,25,2.0,2,2,17.0,80.0,8.0,5.0,1.0,68.0
Bad,64,150.0,2,45,12,1,1,86,3.0,2,2,14,4,21,0.0,2,2,9.0,,4.0,1.0,0.5,56.0
Bad,79,275.0,7,102,38,0,0,95,22.0,7,6,38,2,16,0.0,2,2,2.0,,6.0,2.0,0.0,40.0
Bad,82,220.0,5,59,26,0,0,100,125.0,7,7,27,3,22,0.0,2,2,24.0,,4.0,1.0,1.0,63.0
Good,66,203.0,2,64,21,1,0,83,4.0,6,5,23,2,26,2.0,1,1,14.0,,3.0,2.0,0.0,38.0
Bad,72,118.0,4,55,14,0,0,100,125.0,7,7,14,2,36,36.0,1,1,76.0,,6.0,2.0,3.0,75.0
Bad,67,68.0,3,21,8,0,0,100,125.0,7,7,8,3,13,0.0,1,1,57.0,,3.0,1.0,0.0,67.0
Good,75,144.0,7,56,26,0,0,100,125.0,7,7,27,2,42,1.0,1,1,32.0,62.0,3.0,4.0,1.0,67.0
Bad,63,175.0,7,62,13,1,1,71,16.0,7,6,14,2,64,0.0,6,6,50.0,100.0,5.0,3.0,0.0,100.0
Bad,68,178.0,3,85,21,0,0,100,125.0,7,7,22,3,43,2.0,7,7,66.0,3.0,3.0,3.0,1.0,100.0
Good,90,179.0,13,86,12,0,0,100,125.0,7,7,12,0,25,0.0,4,4,0.0,,2.0,1.0,0.0,50.0
Good,74,254.0,11,85,10,0,0,100,125.0,7,7,10,1,50,4.0,1,1,93.0,38.0,2.0,3.0,2.0,100.0
Bad,69,39.0,4,23,7,1,0,88,14.0,7,5,8,2,13,0.0,8,8,19.0,,3.0,2.0,0.0,50.0
Bad,65,180.0,2,81,7,2,0,73,15.0,7,5,11,2,18,0.0,0,0,81.0,,2.0,1.0,1.0,100.0
Bad,72,185.0,3,75,24,0,0,96,52.0,7,6,26,2,38,0.0,2,2,43.0,88.0,5.0,2.0,2.0,70.0
Good,81,194.0,11,91,17,0,0,100,125.0,7,7,17,1,41,3.0,2,2,79.0,50.0,1.0,1.0,1.0,100.0
Good,77,188.0,3,64,27,0,0,100,125.0,7,7,27,2,15,36.0,1,1,22.0,62.0,2.0,3.0,0.0,45.0
Good,74,222.0,3,102,24,1,1,96,50.0,7,2,27,2,37,0.0,2,2,3.0,,3.0,2.0,0.0,27.0
Good,77,409.0,15,137,33,0,0,100,125.0,7,7,34,0,26,0.0,0,0,18.0,68.0,8.0,2.0,0.0,65.0
Bad,66,92.0,2,59,4,2,2,83,25.0,7,6,6,1,83,36.0,1,1,30.0,,1.0,1.0,0.5,100.0
Bad,72,221.0,3,76,13,0,0,100,125.0,7,7,13,4,54,0.0,3,3,75.0,96.0,5.0,4.0,2.0,100.0
Good,65,145.0,1,51,7,3,2,80,58.0,7,2,15,2,50,36.0,1,1,43.0,61.0,3.0,2.0,0.0,100.0
Good,87,254.0,31,106,14,0,0,100,125.0,7,7,14,0,43,0.0,2,2,5.0,,2.0,2.0,0.0,44.0
Good,87,255.0,10,111,32,0,0,100,125.0,7,7,32,2,13,3.0,1,1,2.0,,1.0,3.0,0.0,27.0
Bad,76,87.0,2,34,30,0,0,100,125.0,7,7,35,6,34,0.0,16,16,4.0,60.0,9.0,1.0,0.0,65.0
Good,80,173.0,8,62,17,0,0,100,125.0,7,7,18,2,67,0.0,1,1,21.0,93.0,3.0,3.0,0.0,100.0
Bad,73,124.0,5,41,8,0,0,100,125.0,7,7,8,2,50,36.0,0,0,84.0,76.0,2.0,3.0,2.0,83.0
Bad,61,254.0,14,112,13,0,0,94,7.0,6,6,16,0,44,36.0,4,3,63.0,77.0,5.0,5.0,3.0,91.0
Bad,73,374.0,8,85,27,0,0,96,16.0,7,6,27,1,26,0.0,1,1,38.0,11.0,4.0,3.0,2.0,70.0
Good,88,185.0,19,92,28,0,0,100,125.0,7,7,28,0,50,16.0,0,0,8.0,62.0,2.0,3.0,0.0,63.0
Bad,61,43.0,3,23,25,0,0,100,125.0,7,7,25,6,0,0.0,6,3,44.0,,12.0,2.0,3.0,52.0
Bad,64,330.0,10,112,8,1,0,67,6.0,6,5,9,1,33,0.0,0,0,84.0,89.0,4.0,2.0,2.0,75.0
Bad,55,234.0,13,83,20,1,0,70,1.0,5,5,24,0,22,4.0,3,3,46.0,24.0,8.0,3.0,2.0,72.0
Bad,68,164.0,3,59,40,1,1,93,17.0,7,4,43,5,47,0.0,1,1,24.0,78.0,7.0,12.0,1.0,76.0
Good,84,206.0,4,80,19,0,0,100,125.0,7,7,19,3,16,0.0,1,1,1.0,,2.0,1.0,0.0,43.0
Good,66,167.0,24,66,20,0,0,90,4.0,6,6,22,0,76,36.0,0,0,25.0,36.0,1.0,2.0,0.0,50.0
Good,86,181.0,3,89,11,0,0,100,125.0,7,7,11,1,9,1.0,2,2,5.0,,2.0,2.0,0.0,50.0
Good,87,254.0,21,92,26,0,0,100,125.0,7,7,26,0,23,0.0,1,1,0.0,,2.0,2.0,0.0,40.0
Bad,63,153.0,6,68,37,1,1,91,25.0,7,6,45,1,89,0.0,0,0,82.0,74.0,3.0,5.0,0.0,100.0
Bad,76,134.0,11,67,28,0,0,100,125.0,7,7,28,1,21,36.0,0,0,62.0,14.0,3.0,2.0,1.0,83.0
Bad,68,368.0,4,111,47,0,0,100,125.0,7,7,49,2,27,0.0,1,1,78.0,61.0,21.0,2.0,9.0,80.0
Bad,67,278.0,22,87,4,0,0,33,1.0,6,6,6,0,33,0.0,1,0,34.0,17.0,2.0,2.0,0.0,67.0
Good,77,347.0,5,172,18,0,0,100,125.0,7,7,18,1,6,0.0,0,0,32.0,,5.0,1.0,1.0,75.0
Good,83,257.0,5,68,22,0,0,100,125.0,7,7,22,2,41,1.0,2,2,2.0,60.0,3.0,6.0,0.0,64.0
Bad,76,107.0,30,57,5,0,0,83,14.0,7,6,6,0,50,0.0,0,0,30.0,,1.0,2.0,0.0,100.0
Bad,55,241.0,5,89,11,3,2,71,2.0,6,3,14,1,64,0.0,1,1,78.0,75.0,3.0,2.0,1.0,83.0
Bad,93,399.0,27,174,5,0,0,100,125.0,7,7,5,0,0,2.0,1,1,0.0,,0.0,2.0,0.0,0.0
Bad,64,139.0,22,109,3,2,1,80,7.0,5,5,5,0,60,0.0,2,2,30.0,,3.0,1.0,0.5,100.0
Bad,76,88.0,2,25,11,0,0,100,125.0,7,7,13,7,54,36.0,3,3,0.0,88.0,0.0,4.0,0.0,40.0
Good,78,215.0,1,91,14,0,0,100,125.0,7,7,15,1,33,0.0,1,1,62.0,,1.0,1.0,1.0,67.0
Good,87,155.0,4,70,35,0,0,100,125.0,7,7,36,1,19,0.0,0,0,2.0,,2.0,1.0,0.0,20.0
Bad,65,82.0,1,43,25,2,1,97,70.0,7,5,30,3,33,2.0,4,4,33.0,53.0,2.0,8.0,1.0,56.0
Bad,72,84.0,7,45,21,0,0,95,25.0,7,6,22,3,50,0.0,0,0,6.0,72.0,6.0,3.0,0.0,69.0
Good,86,269.0,5,80,25,0,0,100,125.0,7,7,25,1,16,4.0,1,1,2.0,,3.0,1.0,0.0,27.0
Good,73,161.0,4,73,43,1,1,84,31.0,7,4,44,1,20,0.0,8,8,30.0,91.0,5.0,3.0,1.0,35.0
Bad,64,246.0,16,106,5,3,3,88,57.0,7,3,8,0,88,36.0,1,1,30.0,144.0,3.0,4.0,0.5,100.0
Bad,88,163.0,11,87,9,0,0,90,63.0,7,6,10,1,20,0.0,0,0,2.0,,2.0,2.0,0.0,40.0
Bad,56,151.0,19,78,38,2,2,90,7.0,6,3,42,0,67,1.0,3,3,86.0,59.0,5.0,3.0,1.0,100.0
Good,92,343.0,14,154,18,0,0,100,125.0,7,7,18,0,28,0.0,0,0,3.0,,3.0,2.0,0.0,38.0
Bad,82,324.0,43,137,9,0,0,90,79.0,7,6,10,0,20,0.0,2,2,2.0,,1.0,2.0,0.0,25.0
Good,67,159.0,6,96,8,1,1,89,63.0,7,6,9,2,22,0.0,10,10,77.0,,5.0,2.0,0.0,71.0
Bad,77,154.0,3,55,31,0,0,100,125.0,7,7,32,6,63,2.0,2,1,26.0,74.0,5.0,14.0,0.0,86.0
Good,84,200.0,12,69,18,0,0,100,125.0,7,7,18,0,39,13.0,0,0,1.0,86.0,2.0,2.0,0.0,40.0
Good,66,173.0,8,58,17,2,1,85,2.0,2,2,20,4,45,0.0,0,0,7.0,68.0,3.0,2.0,0.0,75.0
Bad,75,175.0,2,70,13,1,0,93,51.0,7,2,15,1,53,0.0,1,1,57.0,79.0,1.0,3.0,0.5,57.0
Bad,83,144.0,18,68,13,0,0,100,125.0,7,7,13,0,23,0.0,0,0,3.0,,3.0,2.0,0.0,100.0
Good,66,256.0,9,76,32,0,0,97,16.0,7,6,33,1,30,0.0,0,0,34.0,60.0,6.0,3.0,3.0,45.0
Good,65,256.0,15,52,17,0,0,100,125.0,7,7,19,0,29,2.0,5,5,57.0,79.0,2.0,4.0,2.0,60.0
Good,90,152.0,28,107,3,0,0,100,125.0,7,7,3,0,67,13.0,0,0,0.0,5.0,0.0,1.0,0.0,50.0
Bad,81,598.0,4,205,37,0,0,100,125.0,7,7,37,2,22,0.0,1,1,28.0,7.0,7.0,4.0,1.0,50.0
Bad,55,171.0,10,65,52,1,1,98,1.0,6,6,54,1,69,1.0,2,2,83.0,56.0,6.0,12.0,2.0,90.0
Bad,75,177.0,4,99,38,0,0,97,2.0,6,6,38,2,32,36.0,0,0,13.0,100.0,6.0,2.0,1.0,50.0
Good,84,158.0,13,74,14,0,0,100,125.0,7,7,16,0,63,0.0,1,1,16.0,82.0,2.0,3.0,0.0,71.0
Good,84,313.0,6,103,25,0,0,100,125.0,7,7,25,2,24,11.0,0,0,10.0,92.0,4.0,3.0,0.0,70.0
Good,83,167.0,16,69,38,1,0,98,66.0,7,5,40,0,40,0.0,0,0,9.0,,3.0,1.0,0.0,36.0
Bad,74,343.0,6,93,34,0,0,97,15.0,7,6,44,3,35,0.0,3,3,2.0,73.0,5.0,3.0,1.0,42.0
Good,89,265.0,30,129,17,0,0,100,125.0,7,7,17,0,12,0.0,1,0,9.0,,5.0,1.0,0.0,50.0
Bad,55,144.0,4,84,20,3,0,83,2.0,5,5,23,1,43,0.0,0,0,33.0,,8.0,1.0,1.0,69.0
Bad,72,164.0,2,67,38,0,0,100,125.0,7,7,42,8,19,36.0,1,1,55.0,,7.0,2.0,3.0,67.0
Good,86,191.0,7,80,25,0,0,100,125.0,7,7,26,3,50,1.0,2,2,16.0,98.0,1.0,1.0,0.0,50.0
Good,75,222.0,2,124,23,2,2,92,62.0,7,2,25,2,24,0.0,0,0,30.0,57.0,4.0,2.0,1.0,40.0
Good,72,224.0,23,91,23,1,0,96,49.0,7,5,24,0,29,0.0,0,0,48.0,60.0,3.0,2.0,0.0,56.0
Good,81,190.0,6,84,21,0,0,100,125.0,7,7,21,2,29,7.0,0,0,8.0,91.0,5.0,2.0,0.0,88.0
Bad,63,246.0,5,113,10,0,0,90,5.0,6,6,10,1,20,6.0,0,0,97.0,,5.0,1.0,4.0,86.0
Good,82,180.0,37,106,16,0,0,94,35.0,7,6,16,0,13,0.0,2,2,3.0,,2.0,1.0,0.0,38.0
Good,70,206.0,19,75,17,0,0,100,125.0,7,7,18,0,28,0.0,1,1,58.0,,4.0,1.0,3.0,60.0
Bad,58,33.0,5,18,12,0,0,100,125.0,7,7,12,4,50,0.0,1,1,96.0,68.0,5.0,5.0,4.0,91.0
Good,83,187.0,2,75,30,0,0,100,125.0,7,7,32,1,45,2.0,1,1,5.0,84.0,1.0,5.0,0.0,55.0
Bad,68,68.0,10,33,16,0,0,100,125.0,7,7,16,2,13,0.0,2,2,53.0,58.0,5.0,2.0,3.0,64.0
Good,80,208.0,12,76,30,1,0,97,23.0,7,5,31,0,13,0.0,0,0,1.0,71.0,5.0,2.0,0.0,35.0
Good,72,202.0,2,62,28,0,0,83,7.0,6,6,30,3,24,2.0,2,2,6.0,63.0,2.0,2.0,0.0,33.0
Good,74,378.0,7,110,41,0,0,98,35.0,7,6,42,4,57,0.0,0,0,44.0,76.0,4.0,5.0,2.0,69.0
Good,90,184.0,71,106,4,0,0,100,125.0,7,7,4,0,50,0.0,0,0,0.0,,0.0,1.0,0.0,50.0
Bad,60,101.0,8,34,20,1,0,81,8.0,6,5,21,2,67,0.0,0,0,30.0,89.0,1.0,8.0,1.0,82.0
Good,86,467.0,10,123,25,0,0,96,17.0,7,6,26,1,31,9.0,0,0,3.0,34.0,4.0,1.0,0.0,50.0
Good,81,181.0,5,62,24,0,0,100,125.0,7,7,25,3,25,22.0,0,0,17.0,2.0,3.0,2.0,0.0,56.0
Bad,65,94.0,6,43,31,2,1,91,38.0,7,5,36,5,42,0.0,0,0,18.0,88.0,5.0,3.0,0.0,50.0
Good,72,135.0,10,67,25,1,1,92,29.0,7,2,32,2,31,36.0,1,1,5.0,,2.0,1.0,0.0,33.0
Bad,80,262.0,0,72,22,0,0,100,125.0,7,7,24,1,17,0.0,1,1,20.0,74.0,5.0,1.0,2.0,38.0
Good,75,159.0,10,58,9,1,1,91,66.0,7,3,11,1,9,0.0,3,3,15.0,,2.0,1.0,0.0,63.0
Bad,77,212.0,13,80,18,0,0,100,125.0,7,7,27,0,28,0.0,2,2,36.0,,8.0,1.0,1.0,91.0
Bad,69,155.0,3,52,31,0,0,100,125.0,7,7,31,1,29,36.0,2,2,51.0,98.0,3.0,3.0,2.0,46.0
Good,58,128.0,12,61,29,0,0,97,5.0,6,6,29,0,45,36.0,2,2,37.0,76.0,6.0,8.0,2.0,82.0
Bad,58,210.0,14,87,23,0,0,70,1.0,6,6,23,0,35,0.0,1,1,53.0,5.0,6.0,3.0,2.0,77.0
Bad,81,190.0,8,82,22,0,0,95,63.0,7,6,22,3,27,0.0,0,0,17.0,49.0,2.0,2.0,0.0,44.0
Bad,70,83.0,3,40,26,4,2,80,10.0,6,4,30,3,33,36.0,0,0,3.0,89.0,2.0,4.0,0.0,58.0
Good,91,197.0,47,104,18,0,0,100,125.0,7,7,18,0,11,0.0,0,0,3.0,,2.0,2.0,0.0,20.0
Good,70,118.0,7,45,17,0,0,88,11.0,6,6,17,4,35,0.0,0,0,15.0,,1.0,1.0,0.0,29.0
Bad,57,123.0,13,57,5,6,6,71,29.0,7,2,8,0,29,0.0,2,2,100.0,,1.0,1.0,1.0,100.0
Good,71,180.0,2,71,20,0,0,92,16.0,7,6,26,5,42,2.0,2,2,37.0,,4.0,1.0,0.0,63.0
Bad,84,215.0,8,73,25,1,0,93,38.0,7,5,27,1,41,20.0,0,0,0.0,,0.0,2.0,0.0,17.0
Bad,70,74.0,9,47,16,0,0,100,125.0,7,7,16,1,50,1.0,4,4,44.0,73.0,4.0,2.0,2.0,67.0
Bad,66,87.0,13,38,14,1,1,93,29.0,7,6,16,0,67,0.0,0,0,48.0,75.0,2.0,3.0,1.0,83.0
Good,76,146.0,12,54,13,0,0,100,125.0,7,7,14,0,36,0.0,0,0,48.0,49.0,2.0,3.0,0.0,100.0
Good,71,208.0,20,83,25,0,0,85,13.0,7,6,26,0,35,0.0,1,1,10.0,65.0,3.0,2.0,1.0,45.0
Bad,43,165.0,15,80,20,6,4,61,1.0,5,3,28,0,11,2.0,2,2,93.0,,15.0,2.0,7.0,100.0
Good,87,138.0,6,89,13,0,0,100,125.0,7,7,17,1,41,6.0,0,0,8.0,,2.0,1.0,0.0,75.0
Bad,65,369.0,25,145,40,3,3,91,19.0,7,2,45,0,36,0.0,2,2,83.0,46.0,13.0,4.0,6.0,89.0
Bad,68,116.0,1,51,20,0,0,100,125.0,7,7,21,2,24,0.0,2,2,50.0,,6.0,1.0,2.0,64.0
Good,83,171.0,2,77,12,0,0,92,55.0,7,6,14,1,31,0.0,0,0,12.0,78.0,2.0,2.0,0.0,80.0
Bad,68,132.0,5,43,13,0,0,100,125.0,7,7,13,2,15,0.0,2,1,72.0,,8.0,1.0,4.0,82.0
Bad,66,113.0,2,65,21,1,0,96,31.0,7,5,23,2,35,6.0,0,0,66.0,96.0,6.0,5.0,3.0,86.0
Bad,73,134.0,1,33,3,1,1,86,29.0,7,3,7,3,29,0.0,2,2,5.0,,2.0,1.0,1.0,75.0
Good,77,242.0,15,97,23,0,0,100,125.0,7,7,23,0,4,0.0,0,0,44.0,,5.0,1.0,2.0,50.0
Bad,67,325.0,13,106,12,0,0,62,1.0,6,6,33,0,38,36.0,0,0,92.0,14.0,2.0,2.0,0.5,80.0
Bad,62,118.0,6,56,13,1,1,73,5.0,6,6,16,1,33,0.0,1,1,39.0,18.0,2.0,2.0,0.0,80.0
Bad,60,163.0,2,57,43,1,0,96,22.0,7,5,47,11,44,0.0,8,8,35.0,62.0,7.0,1.0,1.0,47.0
Good,86,191.0,7,82,27,0,0,100,125.0,7,7,28,1,22,7.0,0,0,0.0,,0.0,1.0,0.0,8.0
Bad,62,163.0,11,53,22,0,0,87,23.0,7,6,23,1,39,0.0,0,0,68.0,92.0,6.0,2.0,3.0,89.0
Bad,86,294.0,9,118,16,0,0,100,125.0,7,7,16,1,19,0.0,0,0,18.0,,2.0,2.0,0.0,44.0
Good,80,234.0,0,62,27,0,0,100,125.0,7,7,35,4,26,0.0,3,3,22.0,,4.0,1.0,2.0,38.0
Bad,58,129.0,2,23,21,0,0,100,125.0,7,7,23,7,36,36.0,4,2,74.0,74.0,8.0,4.0,2.0,93.0
Good,72,403.0,31,180,23,0,0,87,56.0,7,6,23,0,17,0.0,1,1,53.0,,9.0,1.0,3.0,83.0
Bad,60,159.0,2,36,27,0,0,96,4.0,6,6,28,6,36,36.0,2,2,58.0,55.0,13.0,3.0,2.0,100.0
Bad,61,102.0,8,57,5,2,1,71,23.0,7,3,7,2,14,0.0,0,0,97.0,,3.0,1.0,1.0,80.0
Good,66,93.0,1,49,24,1,1,81,38.0,7,2,27,4,19,0.0,0,0,47.0,57.0,3.0,3.0,1.0,64.0
Bad,77,123.0,2,46,16,0,0,100,125.0,7,7,17,5,47,36.0,2,2,18.0,87.0,3.0,4.0,0.5,64.0
Bad,61,206.0,5,89,30,0,0,90,34.0,7,6,30,2,20,0.0,1,1,61.0,28.0,10.0,2.0,5.0,72.0
Good,85,207.0,3,63,21,0,0,100,125.0,7,7,21,1,29,4.0,1,1,9.0,70.0,3.0,2.0,0.0,45.0
Bad,57,212.0,2,87,29,1,1,94,61.0,7,6,32,4,47,0.0,5,5,57.0,69.0,6.0,2.0,2.0,73.0
Bad,66,59.0,10,34,4,0,0,100,125.0,7,7,4,2,75,0.0,5,5,89.0,74.0,1.0,2.0,0.5,100.0
Bad,59,220.0,2,70,29,0,0,97,4.0,6,6,30,2,47,0.0,0,0,55.0,89.0,4.0,3.0,3.0,70.0
Bad,64,141.0,1,29,23,1,1,96,39.0,7,2,26,7,12,1.0,7,7,34.0,87.0,10.0,2.0,0.0,82.0
Bad,73,213.0,1,149,15,0,0,89,18.0,7,6,18,2,28,36.0,0,0,58.0,,5.0,2.0,1.0,63.0
Bad,73,159.0,7,60,16,0,0,94,15.0,7,6,16,3,44,36.0,0,0,72.0,94.0,5.0,2.0,0.0,100.0
Bad,65,106.0,5,42,11,1,0,92,22.0,7,5,13,3,31,0.0,2,2,60.0,,4.0,1.0,1.0,83.0
Good,65,184.0,7,77,24,2,2,88,4.0,6,2,27,1,46,0.0,2,2,19.0,80.0,1.0,3.0,0.0,44.0
Bad,55,156.0,5,65,59,1,1,98,2.0,6,6,59,5,36,1.0,12,11,44.0,91.0,7.0,5.0,1.0,92.0
Bad,57,206.0,1,84,53,1,1,94,61.0,2,6,83,1,31,1.0,2,2,60.0,97.0,11.0,3.0,3.0,75.0
Good,80,124.0,10,54,17,1,0,94,69.0,7,5,18,1,44,0.0,2,1,28.0,62.0,2.0,3.0,0.0,63.0
Bad,84,394.0,3,134,26,0,0,96,16.0,7,6,27,3,56,0.0,1,1,7.0,80.0,5.0,3.0,0.0,73.0
Bad,60,79.0,6,32,18,0,0,100,125.0,7,7,19,6,26,0.0,4,4,20.0,100.0,6.0,2.0,1.0,57.0
Good,68,110.0,9,41,32,0,0,100,125.0,7,7,32,1,25,0.0,1,1,92.0,65.0,3.0,2.0,2.0,71.0
Bad,71,164.0,10,81,12,0,0,100,125.0,7,7,12,1,33,0.0,1,0,83.0,40.0,5.0,2.0,2.0,78.0
Bad,63,177.0,6,116,28,0,0,87,2.0,6,6,29,2,50,0.0,9,9,52.0,40.0,3.0,9.0,0.0,72.0
Good,65,521.0,10,159,36,0,0,90,3.0,6,6,39,1,41,0.0,0,0,19.0,85.0,7.0,2.0,0.0,64.0
Bad,67,299.0,2,79,25,0,0,89,15.0,7,6,27,3,37,0.0,12,11,63.0,63.0,13.0,3.0,4.0,94.0
Good,75,69.0,1,39,16,0,0,100,125.0,7,7,18,4,17,0.0,2,2,21.0,,4.0,1.0,0.0,50.0
Good,66,130.0,2,44,12,0,0,92,4.0,6,6,13,1,23,0.0,1,1,32.0,52.0,5.0,2.0,1.0,70.0
Good,79,197.0,17,100,15,0,0,93,29.0,7,6,15,0,40,5.0,1,1,48.0,26.0,1.0,2.0,1.0,75.0
Bad,67,189.0,13,111,8,4,4,70,68.0,7,3,10,0,50,0.0,1,1,97.0,,1.0,1.0,1.0,100.0
Bad,64,129.0,50,80,11,1,1,88,21.0,7,6,18,0,59,0.0,0,0,85.0,,2.0,2.0,0.0,75.0
Good,80,248.0,9,141,27,0,0,100,125.0,7,7,30,1,30,36.0,1,1,23.0,91.0,2.0,3.0,1.0,56.0
Good,69,216.0,36,82,15,1,1,93,24.0,7,6,15,0,33,0.0,0,0,51.0,,8.0,1.0,0.0,100.0
Good,67,203.0,45,144,12,1,1,86,2.0,2,2,23,0,36,36.0,0,0,76.0,90.0,3.0,2.0,0.0,83.0
Good,73,192.0,6,74,27,0,0,100,125.0,7,7,27,1,41,0.0,1,1,24.0,,6.0,4.0,2.0,59.0
Good,70,193.0,2,57,22,0,0,100,125.0,7,7,23,2,22,18.0,0,0,53.0,80.0,6.0,4.0,1.0,63.0
Bad,74,462.0,1,58,15,0,0,100,125.0,7,7,45,6,17,0.0,2,2,18.0,,6.0,2.0,2.0,67.0
Bad,60,313.0,2,78,27,4,1,76,9.0,6,3,33,4,36,0.0,5,5,42.0,30.0,6.0,2.0,1.0,73.0
Good,72,140.0,3,80,27,0,0,96,66.0,7,6,27,3,44,36.0,0,0,22.0,39.0,5.0,4.0,1.0,75.0
Bad,78,191.0,16,100,10,2,2,91,55.0,7,2,11,0,45,0.0,0,0,5.0,,2.0,1.0,0.0,75.0
Bad,65,155.0,3,62,39,0,0,80,26.0,7,6,40,7,48,4.0,1,1,45.0,66.0,4.0,5.0,1.0,71.0
Good,75,97.0,0,43,28,0,0,100,125.0,7,7,30,4,67,0.0,5,5,48.0,79.0,3.0,5.0,1.0,89.0
Bad,77,166.0,5,50,9,0,0,100,125.0,7,7,40,2,33,36.0,1,1,56.0,96.0,3.0,3.0,1.0,100.0
Good,65,165.0,3,53,27,2,1,86,61.0,7,4,35,5,41,36.0,6,6,31.0,60.0,6.0,3.0,1.0,69.0
Bad,70,132.0,1,41,21,0,0,100,125.0,7,7,23,9,22,36.0,3,3,50.0,99.0,3.0,1.0,1.0,50.0
Bad,72,209.0,2,95,41,0,0,100,125.0,7,7,42,3,38,0.0,1,1,42.0,,7.0,2.0,2.0,82.0
Good,89,209.0,1,96,22,0,0,100,125.0,7,7,26,3,38,5.0,1,1,18.0,59.0,2.0,3.0,0.0,71.0
Good,90,414.0,8,102,22,0,0,100,125.0,7,7,22,1,36,8.0,0,0,0.0,93.0,1.0,2.0,0.0,33.0
Good,77,129.0,15,66,19,0,0,95,48.0,7,6,19,0,47,14.0,0,0,40.0,29.0,2.0,2.0,0.0,80.0
Good,61,113.0,20,54,3,5,5,50,29.0,7,2,6,0,67,36.0,0,0,30.0,10.0,3.0,2.0,0.5,100.0
Good,71,180.0,9,46,15,0,0,88,21.0,7,6,16,3,44,8.0,0,0,32.0,89.0,3.0,2.0,0.0,63.0
Bad,56,165.0,1,71,1,6,5,75,34.0,7,5,9,2,50,0.0,3,3,0.0,,0.0,1.0,0.0,67.0
Good,80,360.0,2,114,27,0,0,97,25.0,7,6,29,2,62,0.0,1,1,10.0,100.0,3.0,2.0,2.0,63.0
Good,80,138.0,44,97,26,0,0,100,125.0,7,7,34,0,62,6.0,0,0,8.0,,1.0,1.0,0.0,33.0
Good,58,78.0,4,46,18,0,0,95,23.0,7,6,19,3,16,36.0,2,2,87.0,,11.0,1.0,5.0,80.0
Good,91,429.0,59,161,9,0,0,100,125.0,7,7,9,0,11,0.0,0,0,9.0,,2.0,2.0,0.0,50.0
Good,77,171.0,2,73,23,0,0,100,125.0,7,7,24,2,29,2.0,5,5,19.0,25.0,3.0,2.0,0.0,50.0
Bad,79,130.0,5,71,31,0,0,100,125.0,7,7,32,2,55,0.0,2,2,32.0,88.0,2.0,7.0,0.0,75.0
Good,67,125.0,6,57,19,2,0,81,12.0,7,5,22,4,19,23.0,1,0,16.0,48.0,3.0,3.0,0.0,55.0
Bad,69,41.0,15,33,5,0,0,89,28.0,7,6,9,0,100,0.0,1,1,30.0,50.0,3.0,2.0,0.5,100.0
Good,78,249.0,7,86,37,0,0,100,125.0,7,7,54,5,42,2.0,4,4,41.0,84.0,4.0,6.0,0.0,79.0
Good,75,162.0,8,93,18,1,1,95,25.0,7,2,19,1,26,0.0,0,0,19.0,82.0,4.0,3.0,0.0,78.0
Bad,75,113.0,97,105,2,0,0,100,125.0,7,7,2,0,0,0.0,0,0,101.0,,2.0,2.0,1.0,100.0
Bad,71,162.0,11,51,13,0,0,92,13.0,7,6,13,1,15,0.0,0,0,51.0,,3.0,1.0,1.0,50.0
Bad,58,183.0,11,36,30,0,0,100,125.0,7,7,32,3,17,36.0,8,7,87.0,,15.0,2.0,10.0,81.0
Bad,72,141.0,1,66,10,0,0,83,15.0,7,6,12,2,25,0.0,1,1,49.0,94.0,2.0,1.0,1.0,33.0
Good,64,240.0,4,83,33,0,0,94,48.0,7,6,37,1,58,36.0,1,1,62.0,80.0,6.0,4.0,2.0,77.0
Bad,65,75.0,10,32,16,0,0,88,2.0,6,6,16,2,25,4.0,2,2,37.0,83.0,7.0,2.0,0.0,69.0
Bad,76,325.0,6,79,20,0,0,95,11.0,6,6,20,1,45,0.0,3,2,3.0,64.0,2.0,4.0,0.0,80.0
Bad,76,132.0,5,54,24,0,0,96,80.0,7,6,24,3,17,36.0,1,1,15.0,91.0,4.0,2.0,1.0,75.0
Good,60,160.0,3,48,16,0,0,81,5.0,6,6,16,4,31,4.0,2,2,65.0,74.0,2.0,3.0,1.0,63.0
Good,67,106.0,3,44,15,1,1,88,7.0,6,2,17,1,38,0.0,5,5,0.0,85.0,1.0,4.0,0.0,56.0
Good,65,108.0,4,51,29,0,0,97,69.0,7,6,29,3,45,0.0,0,0,58.0,108.0,8.0,6.0,2.0,74.0
Good,64,231.0,2,62,28,1,1,97,22.0,7,2,30,2,23,1.0,2,2,63.0,55.0,9.0,1.0,4.0,56.0
Bad,72,79.0,2,26,13,0,0,100,125.0,7,7,15,2,27,0.0,1,1,28.0,65.0,6.0,3.0,1.0,69.0
Good,65,165.0,2,43,25,0,0,100,125.0,7,7,26,7,15,0.0,2,1,35.0,96.0,7.0,3.0,2.0,59.0
Bad,67,215.0,17,75,34,0,0,100,125.0,7,7,34,0,50,36.0,0,0,90.0,75.0,9.0,2.0,6.0,85.0
Bad,66,180.0,6,59,31,0,0,100,125.0,7,7,31,3,35,36.0,0,0,60.0,70.0,5.0,4.0,2.0,82.0
Bad,55,89.0,18,45,13,2,2,87,2.0,2,2,15,0,13,0.0,0,0,37.0,,3.0,1.0,1.0,57.0
Bad,61,271.0,9,86,26,0,0,89,3.0,6,6,27,1,56,0.0,1,1,57.0,67.0,6.0,5.0,2.0,92.0
Bad,70,296.0,23,164,13,1,1,92,45.0,7,6,13,0,31,36.0,1,0,39.0,2.0,3.0,2.0,1.0,63.0
Bad,68,353.0,1,131,10,7,2,50,20.0,7,4,20,1,40,0.0,2,2,27.0,,2.0,2.0,1.0,50.0
Good,82,96.0,5,47,16,0,0,100,125.0,7,7,16,3,31,0.0,0,0,15.0,88.0,4.0,2.0,0.0,67.0
Bad,56,146.0,3,41,37,0,0,100,125.0,7,7,41,4,24,4.0,1,1,75.0,75.0,15.0,2.0,5.0,90.0
Bad,77,179.0,11,60,20,0,0,90,51.0,7,6,20,1,25,0.0,2,2,23.0,78.0,1.0,1.0,1.0,18.0
Bad,81,79.0,9,45,12,0,0,100,125.0,7,7,16,2,44,0.0,0,0,7.0,82.0,3.0,2.0,0.0,56.0
Good,85,173.0,16,51,9,0,0,100,125.0,7,7,28,0,0,0.0,1,1,13.0,,4.0,2.0,0.0,80.0
Good,64,223.0,3,77,21,0,0,100,125.0,7,7,21,1,10,0.0,6,6,93.0,,6.0,1.0,3.0,100.0
Good,85,149.0,8,63,15,0,0,100,125.0,7,7,15,1,40,0.0,2,2,5.0,32.0,1.0,3.0,0.0,44.0
Good,72,186.0,4,83,22,1,1,80,12.0,7,3,26,1,16,4.0,1,1,68.0,27.0,4.0,2.0,2.0,50.0
Good,70,97.0,4,48,20,0,0,100,125.0,7,7,20,4,50,36.0,3,3,45.0,68.0,4.0,2.0,2.0,60.0
Good,75,124.0,11,60,11,1,1,85,24.0,7,3,13,1,15,0.0,6,6,0.0,,1.0,1.0,0.0,38.0
Good,63,154.0,7,75,26,0,0,88,10.0,6,6,26,3,27,2.0,1,1,69.0,,5.0,1.0,2.0,75.0
Bad,77,269.0,15,54,10,0,0,100,125.0,7,7,11,0,60,0.0,1,1,27.0,75.0,2.0,2.0,1.0,80.0
Bad,56,125.0,4,47,10,0,0,83,3.0,6,6,12,1,17,0.0,1,1,85.0,,4.0,1.0,4.0,71.0
Bad,59,183.0,2,73,28,1,1,90,2.0,2,2,31,2,32,0.0,10,10,66.0,62.0,5.0,3.0,1.0,57.0
Bad,85,143.0,1,71,12,0,0,100,125.0,7,7,13,3,23,1.0,1,1,12.0,100.0,2.0,2.0,0.0,50.0
Good,75,325.0,7,101,23,1,1,96,65.0,7,6,24,1,63,6.0,0,0,47.0,70.0,4.0,4.0,0.0,89.0
Bad,91,325.0,4,103,23,0,0,100,125.0,7,7,26,2,77,3.0,1,1,4.0,58.0,2.0,5.0,0.0,64.0
Good,80,265.0,2,92,40,0,0,95,33.0,7,6,42,2,38,0.0,1,1,7.0,100.0,4.0,6.0,1.0,71.0
Good,87,210.0,19,110,8,0,0,100,125.0,7,7,10,0,50,18.0,0,0,19.0,,2.0,1.0,0.0,60.0
Bad,78,199.0,7,73,39,0,0,95,22.0,7,6,40,1,21,36.0,1,0,15.0,19.0,2.0,5.0,1.0,50.0
Bad,82,192.0,8,88,17,0,0,94,81.0,7,6,17,1,35,36.0,0,0,0.0,92.0,1.0,2.0,0.0,38.0
Good,68,110.0,5,48,14,0,0,71,23.0,7,6,14,1,43,0.0,1,1,30.0,78.0,3.0,2.0,1.0,83.0
Bad,64,79.0,3,38,16,0,0,100,125.0,7,7,18,5,29,36.0,8,8,53.0,99.0,5.0,1.0,1.0,86.0
Good,83,102.0,5,40,14,0,0,100,125.0,7,7,15,6,14,0.0,1,1,8.0,,1.0,1.0,0.0,18.0
Bad,65,269.0,10,100,14,0,0,93,6.0,6,6,14,1,36,0.0,1,1,86.0,72.0,4.0,3.0,1.0,100.0
Good,86,235.0,7,111,20,0,0,100,125.0,7,7,20,1,25,0.0,0,0,12.0,70.0,7.0,2.0,0.0,90.0
Bad,68,377.0,10,81,16,1,0,90,58.0,7,5,21,3,29,0.0,2,1,54.0,35.0,8.0,2.0,1.0,85.0
Good,87,441.0,7,114,20,0,0,100,125.0,7,7,21,2,30,36.0,3,3,3.0,50.0,2.0,1.0,1.0,33.0
Good,65,14.0,0,4,3,0,0,100,125.0,7,7,6,5,33,36.0,9,9,1.0,98.0,1.0,2.0,0.0,50.0
Bad,63,70.0,6,35,5,2,2,83,66.0,7,2,7,2,67,0.0,9,7,15.0,81.0,1.0,2.0,0.5,100.0
Bad,82,133.0,14,88,9,0,0,100,125.0,7,7,9,0,44,0.0,0,0,0.0,,0.0,1.0,0.5,50.0
Bad,68,118.0,7,64,11,0,0,86,9.0,6,6,14,1,64,0.0,1,1,27.0,65.0,1.0,5.0,0.0,100.0
Good,91,342.0,42,130,14,0,0,100,125.0,7,7,14,0,36,0.0,0,0,3.0,,2.0,2.0,0.0,50.0
Bad,67,150.0,3,80,22,1,1,88,21.0,7,4,25,2,24,0.0,0,0,67.0,99.0,4.0,2.0,2.0,78.0
Good,76,109.0,10,50,14,0,0,100,125.0,7,7,14,3,71,0.0,2,2,0.0,93.0,0.0,2.0,0.5,40.0
Bad,70,167.0,2,61,19,0,0,70,11.0,6,6,20,2,35,0.0,1,1,4.0,76.0,3.0,3.0,0.0,70.0
Bad,74,390.0,0,81,24,1,1,93,7.0,2,2,27,3,44,0.0,1,1,26.0,87.0,2.0,2.0,0.0,40.0
Bad,65,111.0,19,63,23,1,1,92,25.0,7,2,25,0,64,0.0,4,4,72.0,114.0,1.0,8.0,0.0,90.0
Good,85,208.0,2,73,11,0,0,100,125.0,7,7,13,2,38,1.0,2,2,19.0,,2.0,2.0,1.0,80.0
Bad,65,157.0,6,44,13,1,0,93,30.0,7,5,14,4,36,4.0,1,1,23.0,80.0,3.0,2.0,0.5,67.0
Good,72,214.0,17,61,21,0,0,100,125.0,7,7,21,0,33,0.0,0,0,66.0,66.0,7.0,2.0,2.0,64.0
Bad,66,322.0,17,102,28,0,0,100,125.0,7,7,28,0,43,0.0,1,1,67.0,72.0,6.0,6.0,3.0,71.0
Good,87,133.0,11,88,14,0,0,100,125.0,7,7,22,1,14,22.0,0,0,3.0,14.0,1.0,1.0,0.0,67.0
Bad,75,224.0,4,63,18,1,0,84,10.0,6,5,19,5,26,0.0,0,0,15.0,,4.0,1.0,1.0,56.0
Good,73,207.0,11,66,23,0,0,92,2.0,6,6,24,1,33,10.0,0,0,0.0,14.0,1.0,3.0,0.0,80.0
Bad,61,21.0,4,9,9,0,0,100,125.0,7,7,9,6,78,0.0,3,3,73.0,68.0,1.0,3.0,1.0,80.0
Good,72,257.0,3,124,13,2,2,93,80.0,7,6,14,1,36,3.0,1,1,27.0,81.0,1.0,1.0,0.0,100.0
Good,84,288.0,2,85,11,0,0,100,125.0,7,7,13,1,38,17.0,1,0,20.0,,2.0,1.0,1.0,38.0
Bad,74,340.0,11,74,21,0,0,95,20.0,7,6,21,1,29,0.0,1,1,33.0,81.0,7.0,2.0,1.0,69.0
Bad,65,397.0,4,149,18,2,1,76,1.0,6,5,21,2,48,0.0,1,1,0.0,,1.0,1.0,0.0,67.0
Good,77,368.0,29,130,16,1,1,71,29.0,7,3,17,0,18,0.0,0,0,12.0,31.0,4.0,1.0,0.0,50.0
Good,66,147.0,4,68,37,5,4,90,73.0,7,2,42,3,43,1.0,1,1,65.0,78.0,10.0,3.0,2.0,87.0
Good,81,151.0,19,82,21,1,0,95,63.0,7,5,22,0,23,0.0,0,0,1.0,46.0,1.0,4.0,0.0,100.0
Bad,60,110.0,25,53,1,1,0,67,7.0,6,5,4,0,67,0.0,6,6,30.0,,3.0,2.0,0.5,67.0
Bad,68,164.0,12,78,48,1,1,94,6.0,6,6,50,0,29,0.0,2,2,67.0,56.0,4.0,10.0,2.0,74.0
Good,65,121.0,16,68,21,0,0,95,14.0,7,6,21,0,24,36.0,0,0,87.0,30.0,5.0,2.0,4.0,78.0
Good,87,321.0,8,96,40,0,0,100,125.0,7,7,41,2,10,0.0,1,0,2.0,,8.0,1.0,0.0,38.0
Bad,76,168.0,12,63,21,1,1,88,66.0,7,4,24,0,54,19.0,0,0,48.0,67.0,3.0,6.0,0.0,69.0
Bad,71,85.0,4,50,48,0,0,100,125.0,7,7,49,4,4,2.0,6,6,12.0,,7.0,1.0,1.0,27.0
Good,79,463.0,3,88,45,0,0,100,125.0,7,7,46,5,20,3.0,1,1,12.0,98.0,3.0,2.0,0.0,56.0
Good,78,149.0,5,57,22,0,0,100,125.0,7,7,22,3,27,0.0,1,1,16.0,96.0,4.0,3.0,0.0,73.0
Good,89,255.0,32,106,9,0,0,100,125.0,7,7,9,0,22,0.0,1,1,2.0,,2.0,1.0,0.5,100.0
Bad,64,173.0,2,77,7,0,0,100,125.0,7,7,8,2,0,0.0,5,4,100.0,,3.0,2.0,2.0,100.0
Bad,60,47.0,12,31,2,0,0,33,5.0,6,6,3,0,33,0.0,0,0,72.0,,1.0,2.0,0.0,100.0
Bad,81,63.0,6,37,13,0,0,100,125.0,7,7,13,2,31,36.0,0,0,10.0,57.0,4.0,2.0,0.0,60.0
Good,71,236.0,1,69,19,0,0,91,2.0,6,6,22,3,50,1.0,4,3,18.0,,3.0,2.0,0.0,56.0
Bad,85,194.0,4,82,30,0,0,100,125.0,7,7,34,1,26,2.0,2,2,4.0,,3.0,1.0,0.0,42.0
Bad,72,126.0,12,64,15,0,0,100,125.0,7,7,15,0,47,0.0,2,2,77.0,69.0,4.0,2.0,2.0,75.0
Bad,76,333.0,7,144,25,0,0,100,125.0,7,7,25,2,36,10.0,0,0,40.0,70.0,6.0,4.0,1.0,69.0
Bad,65,360.0,14,67,10,1,1,55,17.0,7,3,11,0,45,0.0,0,0,49.0,,2.0,1.0,0.5,60.0
Bad,84,341.0,11,100,11,0,0,100,125.0,7,7,11,1,36,0.0,2,2,23.0,83.0,3.0,2.0,0.0,83.0
Bad,61,83.0,6,45,18,1,1,83,43.0,7,6,19,3,33,0.0,0,0,84.0,92.0,4.0,3.0,4.0,73.0
Bad,66,278.0,8,66,6,2,0,75,45.0,7,5,8,2,75,0.0,4,4,47.0,86.0,1.0,2.0,0.0,100.0
Good,76,381.0,5,120,18,1,1,89,40.0,7,3,19,2,42,36.0,3,3,29.0,36.0,2.0,3.0,1.0,56.0
Bad,62,137.0,5,81,9,4,4,62,34.0,7,4,13,1,38,0.0,1,1,46.0,,2.0,1.0,1.0,100.0
Bad,65,330.0,1,113,17,2,2,89,25.0,7,6,21,2,16,0.0,1,1,54.0,100.0,5.0,1.0,2.0,78.0
Bad,77,278.0,0,73,15,0,0,94,38.0,7,6,16,2,31,0.0,0,0,22.0,,6.0,1.0,2.0,64.0
Bad,68,373.0,12,88,21,0,0,90,63.0,7,6,21,0,19,0.0,4,4,50.0,,6.0,1.0,4.0,58.0
Bad,76,258.0,17,127,10,0,0,80,17.0,7,6,10,0,20,0.0,0,0,40.0,,1.0,1.0,1.0,22.0
Good,92,152.0,15,154,14,0,0,100,125.0,7,7,15,0,47,36.0,0,0,7.0,79.0,2.0,2.0,0.0,80.0
Bad,65,209.0,20,99,20,6,2,79,3.0,2,2,30,0,50,0.0,1,1,27.0,54.0,4.0,9.0,0.0,81.0
Bad,71,295.0,26,102,20,1,0,91,11.0,6,2,22,0,27,0.0,1,1,53.0,58.0,2.0,2.0,0.0,67.0
Bad,62,200.0,2,78,30,0,0,90,5.0,6,6,31,2,26,0.0,0,0,53.0,,6.0,1.0,0.0,54.0
Good,87,195.0,70,207,20,0,0,100,125.0,7,7,21,0,29,36.0,0,0,11.0,,2.0,2.0,0.0,50.0
Good,78,299.0,3,102,26,0,0,90,14.0,7,6,31,1,35,0.0,0,0,7.0,38.0,2.0,2.0,0.0,45.0
Good,76,284.0,7,92,13,1,1,93,66.0,7,3,15,1,43,4.0,1,1,27.0,20.0,1.0,3.0,0.0,100.0
Good,92,399.0,43,150,30,0,0,100,125.0,7,7,30,0,3,0.0,0,0,1.0,,4.0,1.0,0.0,33.0
Bad,71,128.0,3,68,12,1,1,85,27.0,7,3,13,3,23,0.0,0,0,80.0,99.0,6.0,2.0,1.0,80.0
Bad,61,184.0,7,55,4,2,2,67,3.0,2,2,6,1,67,0.0,0,0,14.0,74.0,1.0,3.0,0.0,100.0
Bad,72,63.0,3,38,5,0,0,100,125.0,7,7,5,1,0,0.0,3,3,85.0,,4.0,2.0,1.0,100.0
Good,59,247.0,4,92,31,4,3,97,44.0,7,5,33,3,21,2.0,4,3,53.0,,5.0,1.0,3.0,47.0
Bad,63,102.0,4,56,5,4,3,38,11.0,6,3,13,1,38,0.0,0,0,16.0,81.0,1.0,4.0,0.0,83.0
Bad,64,162.0,14,47,9,1,1,80,6.0,6,2,10,0,60,0.0,0,0,88.0,66.0,3.0,3.0,2.0,100.0
Good,74,202.0,19,81,32,0,0,97,36.0,7,6,32,0,44,36.0,0,0,42.0,,3.0,2.0,0.0,71.0
Good,59,48.0,10,23,21,0,0,100,125.0,7,7,22,2,43,1.0,3,2,52.0,87.0,5.0,4.0,3.0,75.0
Good,89,112.0,23,73,15,0,0,100,125.0,7,7,15,0,40,36.0,0,0,1.0,48.0,2.0,2.0,0.0,50.0
Bad,71,124.0,7,53,12,1,1,92,37.0,7,2,14,1,64,0.0,1,1,43.0,34.0,2.0,3.0,1.0,75.0
Bad,75,159.0,6,82,11,1,1,92,78.0,7,3,13,3,38,0.0,0,0,40.0,76.0,3.0,1.0,0.0,100.0
Good,77,174.0,10,98,19,0,0,100,125.0,7,7,21,2,33,0.0,1,1,33.0,50.0,7.0,2.0,0.0,75.0
Good,77,390.0,6,103,30,0,0,100,125.0,7,7,30,3,43,0.0,1,1,45.0,79.0,3.0,3.0,1.0,60.0
Bad,66,46.0,6,26,10,0,0,100,125.0,7,7,10,1,70,0.0,3,3,94.0,59.0,2.0,3.0,1.0,83.0
Bad,74,145.0,3,50,15,0,0,100,125.0,7,7,15,2,33,0.0,1,1,46.0,,4.0,1.0,1.0,86.0
Good,83,283.0,6,75,26,0,0,100,125.0,7,7,26,1,50,0.0,1,1,22.0,73.0,2.0,2.0,0.0,67.0
Bad,67,141.0,6,52,11,0,0,100,125.0,7,7,12,3,67,0.0,1,1,91.0,96.0,3.0,2.0,1.0,100.0
Bad,91,454.0,89,173,9,0,0,100,125.0,7,7,9,0,33,0.0,1,1,1.0,,1.0,2.0,0.0,33.0
Good,75,264.0,7,89,54,0,0,98,24.0,7,6,55,1,36,0.0,1,1,33.0,55.0,5.0,4.0,1.0,67.0
Bad,77,199.0,18,64,22,0,0,96,22.0,7,6,24,0,46,0.0,0,0,0.0,54.0,1.0,4.0,0.0,63.0
Bad,82,190.0,12,56,11,0,0,100,125.0,7,7,11,0,73,0.0,0,0,8.0,75.0,1.0,3.0,0.0,80.0
Bad,55,189.0,19,81,35,2,1,78,1.0,2,2,42,0,44,0.0,3,3,67.0,36.0,5.0,2.0,1.0,64.0
Bad,83,321.0,2,103,31,0,0,100,125.0,7,7,35,4,20,5.0,1,1,33.0,97.0,9.0,3.0,0.0,71.0
Good,70,266.0,23,107,23,0,0,100,125.0,7,7,24,0,50,2.0,2,2,57.0,75.0,5.0,4.0,2.0,64.0
Bad,59,117.0,18,73,7,1,1,50,17.0,7,2,8,0,50,0.0,0,0,76.0,58.0,1.0,3.0,1.0,80.0
Good,83,151.0,4,62,10,0,0,100,125.0,7,7,10,1,20,23.0,0,0,33.0,,3.0,1.0,0.0,67.0
Good,87,325.0,6,102,27,0,0,100,125.0,7,7,27,3,41,0.0,1,1,1.0,72.0,7.0,5.0,0.0,71.0
Good,80,95.0,30,65,5,0,0,80,67.0,7,6,5,0,60,0.0,0,0,2.0,57.0,1.0,1.0,0.0,67.0
Good,69,151.0,32,84,14,1,1,93,3.0,3,3,15,0,40,0.0,1,0,1.0,21.0,1.0,2.0,0.0,75.0
Bad,59,179.0,11,40,28,0,0,100,125.0,7,7,28,3,11,0.0,1,1,62.0,65.0,8.0,1.0,4.0,75.0
Bad,61,215.0,28,105,18,4,2,68,11.0,6,4,25,0,44,2.0,2,2,34.0,89.0,2.0,2.0,0.0,71.0
Good,73,354.0,7,86,26,0,0,100,125.0,7,7,26,3,38,0.0,1,1,49.0,82.0,4.0,3.0,2.0,70.0
Bad,56,201.0,7,78,23,0,0,55,1.0,6,6,31,4,29,36.0,4,4,68.0,,10.0,1.0,1.0,73.0
Bad,60,410.0,7,124,29,0,0,97,20.0,7,6,32,1,25,1.0,2,2,70.0,56.0,10.0,4.0,3.0,83.0
Bad,74,319.0,3,54,32,0,0,100,125.0,7,7,32,4,31,0.0,4,4,69.0,33.0,6.0,3.0,2.0,90.0
Bad,58,42.0,2,24,17,0,0,100,125.0,7,7,18,2,50,0.0,7,7,90.0,74.0,5.0,5.0,1.0,100.0
Good,72,148.0,5,67,44,0,0,96,70.0,7,6,47,5,33,0.0,2,2,14.0,,5.0,5.0,0.0,73.0
Good,90,243.0,4,103,19,0,0,100,125.0,7,7,20,3,30,36.0,1,0,4.0,85.0,2.0,2.0,0.0,29.0
Bad,61,172.0,24,80,4,1,0,43,7.0,6,5,7,0,14,0.0,2,2,91.0,,4.0,2.0,3.0,80.0
Bad,91,286.0,15,133,10,0,0,100,125.0,7,7,10,0,20,0.0,0,0,10.0,,2.0,2.0,0.0,40.0
Bad,84,204.0,3,91,22,0,0,100,125.0,7,7,22,1,32,0.0,2,2,70.0,85.0,3.0,3.0,2.0,55.0
Bad,69,301.0,3,79,19,0,0,79,13.0,7,6,20,2,47,3.0,2,2,33.0,45.0,3.0,3.0,0.0,100.0
Good,78,112.0,3,57,39,0,0,100,125.0,7,7,41,2,33,2.0,3,2,5.0,87.0,3.0,3.0,0.0,67.0
Bad,61,178.0,7,70,26,0,0,89,4.0,6,6,27,2,52,36.0,0,0,31.0,68.0,3.0,3.0,1.0,86.0
Good,77,150.0,5,55,25,0,0,100,125.0,7,7,26,2,19,0.0,7,5,11.0,84.0,2.0,1.0,0.0,30.0
Good,74,254.0,15,66,39,0,0,95,8.0,6,6,74,0,38,7.0,1,1,6.0,41.0,6.0,4.0,1.0,53.0
Bad,90,211.0,6,102,17,0,0,100,125.0,7,7,17,1,0,0.0,1,1,0.0,,0.0,2.0,0.0,0.0
Bad,62,146.0,14,61,10,2,2,82,18.0,7,6,12,0,55,0.0,2,2,50.0,,4.0,1.0,2.0,100.0
Good,79,200.0,5,86,26,0,0,100,125.0,7,7,30,1,67,0.0,1,1,57.0,97.0,4.0,2.0,1.0,100.0
Bad,63,163.0,7,42,17,1,1,89,25.0,7,2,20,3,44,36.0,0,0,58.0,87.0,4.0,4.0,2.0,100.0
Good,86,292.0,5,114,20,0,0,100,125.0,7,7,22,1,24,6.0,0,0,6.0,12.0,3.0,1.0,1.0,57.0
Bad,81,287.0,4,105,23,0,0,100,125.0,7,7,25,2,40,0.0,2,2,52.0,88.0,3.0,4.0,1.0,70.0
Bad,69,265.0,25,106,10,0,0,67,18.0,7,6,13,0,15,1.0,2,2,42.0,,3.0,1.0,0.0,57.0
Good,89,277.0,4,87,25,0,0,100,125.0,7,7,27,3,30,4.0,1,1,2.0,9.0,1.0,2.0,0.0,30.0
Bad,51,204.0,2,71,30,2,2,94,1.0,6,6,35,6,47,0.0,4,3,94.0,51.0,5.0,6.0,5.0,86.0
Bad,69,150.0,18,76,19,0,0,95,27.0,7,6,21,0,33,1.0,1,1,34.0,,1.0,1.0,1.0,67.0
Bad,65,340.0,2,81,49,0,0,89,5.0,6,6,56,3,25,0.0,9,8,6.0,86.0,9.0,5.0,1.0,56.0
Bad,91,215.0,31,104,15,0,0,100,125.0,7,7,16,0,38,0.0,0,0,0.0,,0.0,1.0,0.5,25.0
Good,74,250.0,18,81,19,0,0,100,125.0,7,7,20,0,20,0.0,1,1,69.0,54.0,6.0,3.0,2.0,69.0
Bad,67,180.0,3,43,19,0,0,100,125.0,7,7,22,2,27,14.0,0,0,53.0,41.0,6.0,4.0,3.0,71.0
Bad,72,110.0,7,63,12,1,1,92,52.0,7,2,13,1,54,0.0,3,3,0.0,,0.0,1.0,0.5,25.0
Good,67,284.0,5,84,44,0,0,100,125.0,7,7,45,1,27,2.0,1,1,48.0,50.0,11.0,3.0,4.0,70.0
Bad,54,180.0,32,61,9,1,1,78,1.0,2,6,9,0,56,36.0,1,1,77.0,59.0,3.0,1.0,2.0,100.0
Bad,85,249.0,6,100,13,0,0,100,125.0,7,7,15,1,47,0.0,2,2,29.0,75.0,1.0,3.0,0.0,80.0
Good,73,347.0,6,140,32,0,0,100,125.0,7,7,32,1,9,0.0,0,0,41.0,,15.0,1.0,6.0,74.0
Bad,73,188.0,2,83,18,1,1,95,29.0,7,2,22,1,27,0.0,11,11,30.0,,4.0,2.0,0.0,67.0
Good,83,155.0,6,65,9,0,0,100,125.0,7,7,10,2,44,1.0,1,1,7.0,58.0,2.0,2.0,0.0,71.0
Bad,68,260.0,7,72,21,1,1,96,3.0,3,3,23,1,39,1.0,1,1,9.0,80.0,5.0,2.0,0.0,70.0
Bad,52,180.0,4,42,22,4,2,92,38.0,7,5,26,2,24,36.0,4,4,75.0,74.0,13.0,1.0,6.0,82.0
Bad,64,103.0,1,52,22,1,1,88,26.0,7,6,24,3,38,1.0,5,5,29.0,77.0,4.0,3.0,2.0,58.0
Bad,65,246.0,16,109,19,1,0,81,11.0,6,5,21,0,24,20.0,0,0,87.0,,3.0,2.0,3.0,100.0
Bad,72,180.0,5,74,41,0,0,100,125.0,7,7,47,1,57,36.0,1,1,82.0,55.0,8.0,10.0,6.0,86.0
Good,81,273.0,9,101,11,1,0,77,24.0,7,5,13,1,15,0.0,0,0,20.0,,1.0,1.0,0.0,29.0
Good,82,191.0,9,77,31,0,0,90,22.0,7,6,31,1,16,0.0,1,1,7.0,82.0,4.0,1.0,0.0,42.0
Bad,66,398.0,13,129,14,1,0,81,2.0,6,5,16,0,13,0.0,0,0,32.0,,3.0,1.0,0.0,67.0
Good,77,148.0,27,96,13,0,0,100,125.0,7,7,14,0,50,0.0,2,2,75.0,,1.0,1.0,0.0,100.0
Bad,59,389.0,9,74,42,0,0,83,1.0,6,6,47,2,32,0.0,2,2,63.0,81.0,9.0,3.0,2.0,68.0
Bad,63,131.0,11,61,8,2,1,60,17.0,7,3,10,1,30,3.0,2,1,78.0,45.0,3.0,1.0,2.0,80.0
Good,81,155.0,4,55,28,0,0,100,125.0,7,7,29,4,36,2.0,2,2,2.0,94.0,4.0,2.0,0.0,46.0
Bad,66,173.0,1,75,30,0,0,97,7.0,6,6,32,1,38,36.0,1,0,43.0,100.0,6.0,1.0,1.0,70.0
Good,75,160.0,3,70,21,0,0,100,125.0,7,7,21,3,33,3.0,5,5,0.0,,0.0,1.0,0.0,43.0
Bad,58,136.0,16,63,23,0,0,83,9.0,6,6,24,0,54,36.0,0,0,75.0,84.0,3.0,2.0,2.0,83.0
Bad,63,203.0,4,78,40,0,0,98,63.0,7,6,42,4,55,36.0,5,5,80.0,88.0,3.0,4.0,2.0,70.0
Bad,68,235.0,9,117,16,1,1,89,0.0,2,2,19,1,53,0.0,3,3,27.0,48.0,1.0,3.0,0.0,83.0
Good,83,150.0,9,64,27,0,0,100,125.0,7,7,28,1,32,0.0,2,2,13.0,2.0,2.0,2.0,0.0,40.0
Good,78,150.0,6,63,37,0,0,100,125.0,7,7,40,1,18,0.0,0,0,3.0,63.0,2.0,2.0,0.0,50.0
Bad,63,105.0,2,42,17,0,0,100,125.0,7,7,18,6,33,0.0,3,3,73.0,98.0,8.0,2.0,3.0,83.0
Good,75,288.0,10,132,36,0,0,100,125.0,7,7,36,2,19,0.0,0,0,32.0,,11.0,1.0,2.0,62.0
Good,82,295.0,16,108,18,0,0,100,125.0,7,7,18,0,39,0.0,0,0,36.0,47.0,2.0,2.0,1.0,40.0
Good,72,189.0,11,91,45,1,1,98,8.0,6,6,54,1,58,2.0,3,3,0.0,36.0,1.0,3.0,0.0,33.0
Good,66,143.0,6,72,14,2,1,83,23.0,7,2,18,2,28,0.0,2,2,76.0,,2.0,1.0,2.0,60.0
Good,65,212.0,11,75,21,2,1,87,22.0,7,5,23,1,43,19.0,0,0,71.0,64.0,8.0,3.0,3.0,86.0
Bad,62,166.0,1,48,43,0,0,100,125.0,7,7,44,6,41,0.0,10,10,55.0,84.0,6.0,4.0,5.0,59.0
Bad,66,284.0,32,107,15,2,2,82,3.0,6,4,17,0,53,0.0,1,1,19.0,50.0,3.0,2.0,1.0,63.0
Bad,72,169.0,8,86,12,3,2,80,12.0,7,5,17,1,33,0.0,0,0,1.0,,1.0,1.0,0.0,40.0
Good,86,201.0,9,83,16,0,0,100,125.0,7,7,16,1,19,0.0,0,0,5.0,60.0,2.0,1.0,0.0,60.0
Good,81,167.0,8,77,19,0,0,95,21.0,7,6,20,1,30,0.0,1,1,11.0,,1.0,1.0,0.0,40.0
Good,76,241.0,9,80,48,0,0,100,125.0,7,7,49,2,20,0.0,2,2,22.0,,9.0,2.0,1.0,37.0
Good,75,176.0,35,107,24,0,0,96,29.0,7,6,24,0,25,0.0,2,2,15.0,,4.0,2.0,0.0,60.0
Bad,64,261.0,5,62,27,2,0,76,2.0,6,5,39,3,28,36.0,1,1,8.0,,2.0,2.0,1.0,40.0
Good,88,125.0,7,61,6,0,0,100,125.0,7,7,6,1,50,14.0,0,0,0.0,86.0,0.0,2.0,0.0,40.0
Good,83,128.0,5,78,44,0,0,100,125.0,7,7,44,1,14,2.0,1,1,8.0,85.0,7.0,2.0,0.0,36.0
Bad,84,146.0,12,80,22,0,0,95,46.0,7,6,22,0,0,1.0,2,2,0.0,,0.0,2.0,0.0,0.0
Bad,82,153.0,9,54,18,0,0,100,125.0,7,7,18,1,44,14.0,0,0,9.0,,2.0,1.0,0.0,38.0
Good,68,177.0,1,65,43,0,0,96,12.0,7,6,48,3,50,36.0,2,2,19.0,25.0,5.0,5.0,1.0,71.0
Good,84,180.0,6,117,53,0,0,100,125.0,7,7,58,2,53,36.0,0,0,9.0,13.0,6.0,2.0,1.0,73.0
Good,71,59.0,2,21,6,0,0,100,125.0,7,7,8,4,50,1.0,2,2,44.0,95.0,2.0,2.0,0.0,67.0
Bad,61,39.0,23,26,4,2,1,60,12.0,7,5,6,0,60,0.0,0,0,28.0,,1.0,1.0,0.0,67.0
Bad,54,316.0,30,132,8,10,6,47,4.0,5,3,19,0,47,5.0,0,0,38.0,60.0,2.0,2.0,0.0,57.0
Bad,66,174.0,2,59,7,1,1,90,63.0,7,6,10,2,30,0.0,1,1,86.0,,2.0,2.0,1.0,40.0
Good,73,219.0,2,82,28,0,0,93,13.0,7,6,29,2,14,1.0,1,1,28.0,,7.0,1.0,0.0,50.0
Bad,63,180.0,2,51,11,2,2,88,1.0,2,2,16,4,50,36.0,3,3,12.0,87.0,1.0,4.0,0.0,56.0
Good,89,180.0,6,82,27,0,0,100,125.0,7,7,27,1,26,0.0,0,0,0.0,,1.0,1.0,0.0,25.0
Good,66,131.0,13,83,4,4,4,67,67.0,7,2,41,0,33,36.0,0,0,67.0,,2.0,1.0,0.0,100.0
Good,73,354.0,13,80,25,0,0,100,125.0,7,7,25,0,8,15.0,0,0,36.0,,10.0,1.0,2.0,61.0
Bad,68,187.0,9,75,29,0,0,100,125.0,7,7,29,1,41,0.0,1,1,89.0,72.0,3.0,3.0,2.0,75.0
Bad,70,131.0,6,64,12,1,0,57,25.0,7,5,14,3,50,4.0,1,1,3.0,67.0,1.0,2.0,0.5,50.0
Bad,68,134.0,4,54,24,0,0,100,125.0,7,7,24,5,50,36.0,2,2,50.0,91.0,3.0,7.0,1.0,83.0
Good,92,421.0,42,161,17,0,0,100,125.0,7,7,19,0,42,0.0,0,0,0.0,,1.0,2.0,0.0,50.0
Bad,61,125.0,12,48,30,0,0,97,38.0,7,6,30,0,43,0.0,3,3,47.0,68.0,5.0,4.0,2.0,69.0
Good,72,145.0,7,57,45,0,0,100,125.0,7,7,72,2,74,7.0,0,0,34.0,97.0,4.0,12.0,0.0,73.0
Bad,56,300.0,13,86,29,1,0,78,1.0,6,5,32,0,56,0.0,0,0,42.0,76.0,5.0,5.0,3.0,71.0
Bad,56,266.0,2,94,29,0,0,100,125.0,7,7,30,1,17,0.0,2,2,76.0,6.0,14.0,2.0,7.0,67.0
Bad,71,100.0,3,44,11,0,0,77,3.0,6,6,13,3,54,36.0,2,2,2.0,50.0,1.0,2.0,0.5,60.0
Good,87,221.0,5,52,29,0,0,100,125.0,7,7,29,2,14,4.0,1,1,2.0,61.0,2.0,3.0,0.0,31.0
Good,82,132.0,5,55,18,0,0,100,125.0,7,7,19,2,47,0.0,0,0,21.0,55.0,1.0,4.0,0.5,63.0
Good,84,128.0,7,81,13,0,0,100,125.0,7,7,14,1,7,0.0,3,3,0.0,93.0,1.0,1.0,0.0,33.0
Bad,64,194.0,8,76,24,1,1,88,9.0,6,2,26,2,48,36.0,0,0,69.0,77.0,7.0,6.0,6.0,76.0
Bad,70,172.0,19,85,29,0,0,100,125.0,7,7,31,0,16,0.0,1,1,65.0,,9.0,1.0,3.0,77.0
Bad,62,69.0,5,24,8,1,1,89,33.0,7,6,9,3,33,1.0,2,2,92.0,,4.0,2.0,3.0,67.0
Bad,68,460.0,2,162,28,2,1,90,40.0,2,5,31,2,27,2.0,1,1,25.0,75.0,6.0,4.0,0.0,61.0
Bad,88,279.0,3,75,28,0,0,100,125.0,7,7,29,2,24,2.0,2,2,6.0,41.0,3.0,3.0,0.0,40.0
Bad,61,128.0,4,61,5,1,1,75,13.0,7,2,8,1,38,3.0,2,2,90.0,,1.0,1.0,1.0,100.0
Bad,70,213.0,19,107,33,1,0,97,19.0,7,5,54,0,15,0.0,2,2,32.0,27.0,4.0,2.0,3.0,44.0
Good,90,240.0,20,123,19,0,0,100,125.0,7,7,21,0,19,0.0,0,0,3.0,,2.0,1.0,0.0,50.0
Bad,60,198.0,12,46,7,3,2,90,40.0,7,5,12,0,20,0.0,1,0,37.0,,7.0,1.0,1.0,100.0
Good,82,144.0,3,84,22,0,0,100,125.0,7,7,31,1,28,0.0,3,3,37.0,83.0,2.0,3.0,0.0,71.0
Good,86,168.0,1,68,32,0,0,100,125.0,7,7,47,5,30,4.0,2,2,5.0,,3.0,2.0,0.0,36.0
Bad,58,381.0,3,77,23,3,2,76,8.0,2,2,25,2,28,36.0,0,0,29.0,82.0,5.0,4.0,0.0,69.0
Good,86,206.0,18,100,18,0,0,100,125.0,7,7,24,0,38,36.0,2,2,0.0,,0.0,1.0,0.0,50.0
Good,84,245.0,5,103,17,0,0,100,125.0,7,7,17,3,24,0.0,1,1,16.0,37.0,1.0,2.0,0.0,30.0
Bad,79,231.0,12,80,17,0,0,94,16.0,7,6,18,0,39,0.0,2,2,8.0,,4.0,1.0,1.0,50.0
Bad,57,159.0,3,63,23,2,0,80,9.0,6,5,25,3,64,3.0,3,3,44.0,90.0,5.0,1.0,1.0,86.0
Bad,60,180.0,2,95,42,2,1,87,3.0,6,3,49,3,18,36.0,8,8,44.0,60.0,7.0,3.0,1.0,48.0
Good,62,197.0,7,60,43,0,0,100,125.0,7,7,54,1,44,36.0,1,1,103.0,70.0,14.0,11.0,4.0,100.0
Good,72,160.0,1,69,40,0,0,96,8.0,6,6,48,4,58,9.0,0,0,21.0,76.0,4.0,11.0,0.0,88.0
Bad,57,35.0,7,16,10,0,0,100,125.0,7,7,10,4,30,0.0,2,2,81.0,85.0,6.0,2.0,2.0,89.0
Bad,59,52.0,13,30,10,1,0,73,7.0,5,5,11,0,45,0.0,1,1,46.0,122.0,1.0,4.0,0.5,56.0
Bad,78,96.0,1,35,12,0,0,100,125.0,7,7,13,1,38,0.0,0,0,11.0,83.0,2.0,2.0,1.0,67.0
Good,87,177.0,10,82,9,0,0,100,125.0,7,7,9,1,22,0.0,0,0,4.0,3.0,2.0,1.0,0.0,75.0
Bad,78,161.0,6,70,18,0,0,90,14.0,7,6,20,1,30,0.0,0,0,1.0,67.0,3.0,3.0,0.0,64.0
Bad,84,213.0,13,114,27,0,0,100,125.0,7,7,30,0,7,0.0,0,0,26.0,65.0,4.0,2.0,0.0,75.0
Good,74,77.0,1,35,15,0,0,100,125.0,7,7,16,4,50,36.0,0,0,47.0,72.0,4.0,3.0,1.0,88.0
Good,87,294.0,8,93,35,0,0,100,125.0,7,7,60,2,23,0.0,1,1,2.0,71.0,1.0,4.0,0.0,24.0
Good,81,99.0,1,54,35,0,0,100,125.0,7,7,36,1,25,0.0,2,2,8.0,42.0,2.0,3.0,0.0,67.0
Good,74,192.0,9,77,28,0,0,100,125.0,7,7,28,3,11,36.0,0,0,26.0,,5.0,1.0,1.0,60.0
Bad,73,69.0,24,42,7,0,0,100,125.0,7,7,7,0,14,36.0,1,0,54.0,37.0,5.0,1.0,1.0,86.0
Bad,61,135.0,2,52,15,0,0,94,51.0,7,6,17,2,29,0.0,1,1,11.0,,2.0,1.0,1.0,43.0
Good,75,248.0,5,53,24,0,0,100,125.0,7,7,24,2,25,3.0,1,1,11.0,35.0,4.0,3.0,0.0,50.0
Good,84,146.0,57,83,10,0,0,100,125.0,7,7,10,0,20,3.0,1,1,13.0,,1.0,2.0,0.0,20.0
Bad,68,329.0,2,80,32,1,1,91,26.0,7,6,34,3,33,0.0,8,8,31.0,,7.0,1.0,2.0,57.0
Good,89,364.0,35,165,14,0,0,100,125.0,7,7,14,0,36,3.0,1,1,6.0,48.0,2.0,3.0,0.0,67.0
Good,80,263.0,6,106,26,0,0,92,14.0,7,6,26,2,23,0.0,0,0,14.0,17.0,4.0,2.0,1.0,54.0
Bad,55,116.0,3,53,12,3,1,75,64.0,7,2,16,2,38,0.0,2,2,97.0,73.0,6.0,4.0,4.0,100.0
Good,90,313.0,5,118,25,0,0,100,125.0,7,7,27,1,42,22.0,0,0,2.0,69.0,3.0,3.0,0.0,50.0
Bad,55,63.0,5,39,21,1,1,86,6.0,6,6,22,3,38,0.0,3,3,31.0,79.0,6.0,3.0,1.0,92.0
Good,67,279.0,5,60,35,0,0,100,125.0,7,7,36,4,43,2.0,2,2,93.0,90.0,1.0,4.0,0.5,100.0
Good,90,170.0,12,94,16,0,0,100,125.0,7,7,16,0,38,0.0,0,0,8.0,,3.0,1.0,0.0,57.0
Good,68,375.0,8,65,25,0,0,100,125.0,7,7,35,2,48,1.0,1,1,71.0,63.0,3.0,4.0,2.0,78.0
Bad,63,10.0,2,6,1,0,0,100,125.0,7,7,2,2,50,0.0,8,8,64.0,,1.0,1.0,0.5,100.0
Good,78,151.0,4,78,21,0,0,95,63.0,7,6,21,3,19,0.0,0,0,14.0,89.0,5.0,2.0,1.0,70.0
Bad,57,164.0,7,62,16,1,1,72,2.0,6,3,19,2,47,0.0,1,1,67.0,62.0,5.0,2.0,3.0,100.0
Good,79,188.0,6,68,16,0,0,94,17.0,7,6,17,3,47,5.0,0,0,0.0,55.0,0.0,2.0,0.0,25.0
Bad,74,16.0,2,9,2,0,0,100,125.0,7,7,3,2,33,0.0,3,3,8.0,83.0,2.0,1.0,0.0,100.0
Bad,73,126.0,12,61,11,0,0,100,125.0,7,7,11,0,45,0.0,1,1,71.0,57.0,4.0,3.0,2.0,88.0
Good,89,385.0,6,94,15,0,0,100,125.0,7,7,16,1,44,4.0,1,1,7.0,,2.0,1.0,0.0,100.0
Good,83,287.0,4,91,26,0,0,100,125.0,7,7,27,3,42,1.0,1,1,11.0,71.0,3.0,2.0,0.0,58.0
Good,75,337.0,10,151,12,1,1,92,26.0,7,2,13,1,38,19.0,0,0,0.0,,0.0,2.0,0.0,0.0
Bad,80,207.0,8,92,18,0,0,100,125.0,7,7,18,1,50,9.0,0,0,28.0,75.0,3.0,3.0,1.0,60.0
Bad,65,502.0,1,71,78,1,1,99,15.0,7,6,100,19,15,0.0,6,6,10.0,90.0,10.0,3.0,1.0,38.0
Good,90,194.0,31,86,11,0,0,100,125.0,7,7,11,0,27,36.0,1,1,5.0,,3.0,1.0,0.0,57.0
Good,66,272.0,2,95,44,0,0,100,125.0,7,7,49,3,29,0.0,4,4,63.0,64.0,16.0,4.0,6.0,80.0
Good,88,414.0,18,117,28,0,0,100,125.0,7,7,28,0,18,0.0,0,0,1.0,92.0,1.0,2.0,0.0,60.0
Bad,54,51.0,11,34,7,2,2,63,3.0,6,2,9,1,33,0.0,1,1,86.0,88.0,3.0,1.0,0.0,100.0
Good,88,166.0,3,92,10,0,0,100,125.0,7,7,10,1,40,0.0,2,2,0.0,96.0,0.0,1.0,0.0,25.0
Good,84,132.0,6,74,17,0,0,100,125.0,7,7,17,1,41,0.0,0,0,45.0,35.0,3.0,2.0,0.0,63.0
Bad,66,234.0,4,69,54,2,1,98,60.0,7,5,60,4,25,0.0,2,2,19.0,62.0,6.0,4.0,0.0,57.0
Bad,68,166.0,4,47,17,0,0,100,125.0,7,7,18,2,11,0.0,0,0,78.0,,8.0,1.0,4.0,75.0
Bad,63,274.0,2,94,49,0,0,94,21.0,7,6,52,2,10,0.0,1,1,43.0,77.0,19.0,3.0,5.0,64.0
Good,84,132.0,5,50,22,0,0,100,125.0,7,7,22,2,36,6.0,0,0,19.0,17.0,2.0,4.0,0.0,86.0
Good,68,219.0,18,127,20,1,0,91,4.0,5,5,23,0,14,4.0,1,1,21.0,91.0,4.0,3.0,1.0,88.0
Bad,86,357.0,6,88,20,0,0,100,125.0,7,7,20,3,30,6.0,0,0,2.0,,2.0,1.0,0.0,25.0
Bad,72,169.0,3,76,39,0,0,98,20.0,7,6,41,5,39,0.0,3,2,26.0,92.0,4.0,4.0,1.0,53.0
Bad,74,155.0,11,68,18,0,0,91,7.0,6,6,23,2,26,0.0,0,0,1.0,,3.0,1.0,0.0,36.0
Good,61,234.0,5,86,20,0,0,68,2.0,6,6,25,2,68,6.0,0,0,91.0,53.0,3.0,6.0,2.0,82.0
Bad,62,159.0,6,67,14,0,0,86,3.0,6,6,18,3,36,0.0,2,2,71.0,93.0,2.0,3.0,1.0,83.0
Bad,82,212.0,2,111,16,0,0,100,125.0,7,7,28,2,56,2.0,1,1,33.0,92.0,4.0,3.0,0.0,88.0
Good,65,130.0,6,68,25,3,2,89,29.0,7,4,29,1,43,0.0,1,1,46.0,56.0,8.0,3.0,2.0,85.0
Bad,57,47.0,4,21,5,0,0,80,32.0,7,6,5,1,60,36.0,3,3,97.0,84.0,2.0,3.0,1.0,100.0
Good,67,94.0,4,55,36,1,1,95,50.0,7,2,38,4,32,0.0,5,5,12.0,81.0,5.0,4.0,1.0,64.0
Bad,66,134.0,4,44,13,2,2,93,54.0,7,3,15,1,53,0.0,1,1,92.0,60.0,4.0,6.0,1.0,91.0
Bad,61,123.0,39,63,10,0,0,73,3.0,6,6,11,0,36,0.0,1,0,73.0,,1.0,1.0,1.0,33.0
Bad,59,180.0,41,90,4,2,0,50,9.0,5,5,6,0,83,13.0,0,0,16.0,,1.0,1.0,0.0,100.0
Good,60,305.0,3,115,16,2,2,63,5.0,5,3,19,2,21,0.0,4,4,11.0,,4.0,1.0,0.0,73.0
Bad,64,232.0,4,91,36,3,2,93,22.0,7,3,40,6,60,0.0,2,2,55.0,92.0,8.0,4.0,3.0,100.0
Bad,73,139.0,6,43,14,0,0,100,125.0,7,7,14,3,36,1.0,2,2,8.0,86.0,3.0,2.0,1.0,71.0
Good,70,217.0,3,88,29,1,1,93,24.0,7,6,31,6,50,36.0,1,1,10.0,61.0,2.0,3.0,0.0,67.0
Good,85,225.0,0,78,42,0,0,100,125.0,7,7,45,3,38,0.0,1,1,6.0,92.0,3.0,2.0,0.0,31.0
Bad,58,132.0,3,72,18,1,0,92,1.0,5,5,26,3,46,0.0,4,4,54.0,38.0,2.0,3.0,0.5,63.0
Bad,59,142.0,18,50,14,2,1,80,10.0,6,5,16,0,50,0.0,1,1,82.0,48.0,3.0,3.0,1.0,78.0
Good,80,207.0,1,98,24,0,0,93,56.0,7,6,28,3,32,0.0,1,1,19.0,,6.0,2.0,0.0,58.0
Good,65,63.0,4,19,8,0,0,88,36.0,7,6,13,5,25,36.0,0,0,20.0,92.0,3.0,2.0,0.0,83.0
Good,75,154.0,6,72,28,0,0,100,125.0,7,7,29,2,66,20.0,0,0,1.0,64.0,2.0,4.0,0.0,75.0
Good,80,186.0,4,83,29,0,0,100,125.0,7,7,30,3,23,11.0,0,0,35.0,,5.0,1.0,1.0,50.0
Bad,75,248.0,1,103,14,0,0,88,3.0,6,6,16,1,13,0.0,1,1,2.0,,3.0,1.0,1.0,57.0
